kode_kabkota,nama_prov,nama_kabkota,pulau,jenis,lon,lat,tfr,imr,anak_0_14,produktif_15_64,lansia_65plus,umur_20_39,rasio_ketergantungan,rasio_jk,rasio_jk_20_39,total,t0_4,t5_9,t10_14,t15_19,t20_24,t25_29,t30_34,t35_39,t40_44,t45_49,t50_54,t55_59,t60_64,t65_69,t70_74,t75plus,lisa_tfr,lisa_imr,lisa_rasio_ketergantungan,lisa_lansia_65plus,lisa_umur_20_39,lisa_rasio_jk
1101,Aceh,Simeulue,Sumatera,Kabupaten,96.0667,2.631,2.69,29.61,26.3375,68.0564,5.6061,33.1552,46.937,105.0576,107.2664,101604,10109,8457,8194,8547,9547,8919,7909,7312,7099,6558,5312,4410,3535,2572,1609,1515,ns,ns,ns,ns,ns,ns
1102,Aceh,Aceh Singkil,Sumatera,Kabupaten,97.9581,2.3849,3.01,27.62,30.3848,65.5492,4.066,32.8365,52.5573,102.1128,102.0373,140432,15709,13519,13442,13055,13183,12402,10912,9616,9142,8139,6676,5031,3896,2587,1751,1372,HH,ns,HH,ns,ns,ns
1103,Aceh,Aceh Selatan,Sumatera,Kabupaten,97.4362,3.1623,2.35,26.68,23.9221,68.8041,7.2738,32.6645,45.3402,100.9089,108.2554,246901,21785,18850,18429,17782,19934,22249,20392,18074,16699,16045,15237,13034,10432,7668,5003,5288,ns,ns,ns,ns,ns,ns
1104,Aceh,Aceh Tenggara,Sumatera,Kabupaten,97.698,3.3687,2.65,18.71,27.1954,67.2367,5.5679,33.1151,48.7283,101.3987,106.7631,241328,24382,19848,21400,21645,21750,21214,19629,17323,15583,14662,12342,10256,7857,6090,3986,3361,ns,ns,ns,ns,ns,ns
1105,Aceh,Aceh Timur,Sumatera,Kabupaten,97.6256,4.6306,2.35,19.33,27.7899,66.9211,5.289,32.5528,49.4298,100.9787,104.7871,454431,40260,43275,42751,42296,41603,37469,34802,34056,30728,26712,23195,18430,14819,10611,7123,6301,ns,ns,ns,ns,ns,ns
1106,Aceh,Aceh Tengah,Sumatera,Kabupaten,96.8812,4.52,2.47,17.2,26.8469,67.1821,5.971,31.2015,48.8492,102.5437,103.0804,232425,20904,20848,20647,19414,19279,19267,17587,16387,15507,15522,13963,10933,8289,5868,3833,4177,ns,ns,ns,ns,ns,ns
1107,Aceh,Aceh Barat,Sumatera,Kabupaten,96.1804,4.4541,2.24,20.34,24.1238,69.0734,6.8028,30.4962,44.7734,101.9163,102.8502,210738,17438,16824,16576,17444,15865,15927,16414,16061,15520,14710,13389,11383,8851,6229,4029,4078,ns,ns,ns,ns,ns,ns
1108,Aceh,Aceh Besar,Sumatera,Kabupaten,95.5284,5.3705,2.19,15.6,25.5709,68.0616,6.3674,30.5437,46.9257,101.6143,102.0716,439753,35619,38646,38184,40081,34691,31525,33801,34300,32918,29160,25643,20690,16494,11376,7912,8713,ns,ns,ns,ns,ns,ns
1109,Aceh,Pidie,Sumatera,Kabupaten,96.0335,5.0544,2.29,26.73,24.3421,68.0827,7.5752,32.4006,46.8803,99.6529,106.4241,461254,39681,37141,35457,37671,38317,37451,37396,36285,32892,29910,26020,21159,16933,13153,10013,11775,ns,ns,ns,ns,ns,ns
1110,Aceh,Bireuen,Sumatera,Kabupaten,96.6072,5.0941,2.37,14.53,26.3525,66.7387,6.9088,31.7324,49.838,98.1698,104.1303,470358,41897,40581,41473,37943,38388,38042,37271,35555,32095,28965,26040,22130,17482,13067,9540,9889,ns,ns,ns,ns,ns,ns
1111,Aceh,Aceh Utara,Sumatera,Kabupaten,97.1817,5.0159,2.25,17.83,26.2353,67.3392,6.4255,32.986,48.5019,100.2419,104.4043,645802,56644,57234,55550,54486,56394,55129,51669,49832,43220,38697,34198,28536,22717,16903,11796,12797,ns,ns,ns,ns,ns,ns
1112,Aceh,Aceh Barat Daya,Sumatera,Kabupaten,96.8797,3.8224,2.3,25.68,24.6323,69.1088,6.2589,32.3906,44.6994,102.2619,105.2209,163464,14498,13226,12541,12289,12582,13944,13794,12627,12218,11339,9573,8087,6515,4640,2862,2729,ns,ns,ns,ns,ns,ns
1113,Aceh,Gayo Lues,Sumatera,Kabupaten,97.3601,3.9827,2.66,28.04,28.0898,67.3581,4.5521,33.1684,48.4602,100.8029,99.9618,110542,11536,9978,9537,9921,8919,9637,9377,8732,7903,6841,5539,4424,3166,2313,1313,1406,ns,ns,ns,ns,ns,ns
1114,Aceh,Aceh Tamiang,Sumatera,Kabupaten,97.9824,4.224,2.33,14.79,25.5331,68.2372,6.2297,31.8171,46.5476,102.718,107.3074,316534,27263,27011,26547,27196,27419,26772,24267,22254,21955,20490,18084,15152,12405,9406,5919,4394,ns,ns,ns,ns,ns,ns
1115,Aceh,Nagan Raya,Sumatera,Kabupaten,96.5071,4.1643,2.28,18.08,24.4658,68.5186,7.0156,31.0918,45.9457,101.3682,102.688,180440,15498,14467,14181,14278,13800,14508,14216,13578,13228,12972,11240,8900,6915,5531,3489,3639,ns,ns,ns,ns,ns,ns
1116,Aceh,Aceh Jaya,Sumatera,Kabupaten,95.6783,4.8321,2.69,24.49,27.2481,66.9206,5.8313,29.6952,49.4307,102.6119,98.6326,102242,9875,9389,8595,9478,7330,7293,7839,7899,7791,6882,5732,4678,3499,2548,1478,1936,ns,ns,ns,ns,ns,ns
1117,Aceh,Bener Meriah,Sumatera,Kabupaten,97.0036,4.77,2.52,18.05,27.1092,67.393,5.4977,30.6188,48.3833,102.742,100.8829,177600,16220,15516,16410,15718,14373,13965,13110,12931,12543,12675,10730,7771,5874,4195,2741,2828,ns,ns,ns,ns,ns,ns
1118,Aceh,Pidie Jaya,Sumatera,Kabupaten,96.2141,5.1252,2.44,16.73,25.4661,67.1503,7.3836,32.1697,48.9196,99.6349,104.3229,170580,15631,14311,13498,13473,14176,14072,13272,13355,12201,11010,9341,7596,6049,4658,3601,4336,ns,ns,ns,ns,ns,ns
1171,Aceh,Kota Banda Aceh,Sumatera,Kota,95.3282,5.5588,1.98,9.47,25.8853,68.5393,5.5754,30.7103,45.9017,100.5339,97.6753,270795,21248,24948,23900,23986,19007,18982,21517,23656,22094,18258,15322,12630,10149,6840,4490,3768,ns,ns,ns,ns,ns,ns
1172,Aceh,Kota Sabang,Sumatera,Kota,95.3058,5.837,2.31,14.78,26.095,67.3078,6.5972,29.471,48.5712,100.7651,96.576,44610,3760,4004,3877,3857,3677,3083,3070,3317,3540,3295,2700,1980,1507,1144,890,909,ns,ns,ns,ns,ns,ns
1173,Aceh,Kota Langsa,Sumatera,Kota,97.9804,4.4814,2.2,12.72,24.1549,69.4167,6.4284,32.7713,44.0575,99.9657,100.5034,204203,17682,16271,15372,15825,17167,17219,16459,16075,15477,13448,11775,10099,8207,6063,3967,3097,ns,ns,ns,ns,ns,ns
1174,Aceh,Kota Lhokseumawe,Sumatera,Kota,97.1106,5.1661,2.35,9.84,25.7435,68.4908,5.7657,32.188,46.0049,98.7979,100.9863,206394,18554,17597,16982,17426,17748,17061,16163,15462,14361,13596,11750,9818,7976,5777,3589,2534,ns,ns,ns,ns,ns,ns
1175,Aceh,Kota Subulussalam,Sumatera,Kota,97.9365,2.7309,3.09,28.73,31.6003,64.9697,3.43,33.8583,53.9179,103.0109,104.1776,103499,12103,10425,10178,9324,9347,9895,8620,7181,6690,5635,4461,3513,2577,1677,1039,834,HH,ns,ns,ns,ns,ns
1201,Sumatera Utara,Nias,Sumatera,Kabupaten,97.7247,1.0695,3.1,21.27,29.3815,65.3112,5.3074,33.5308,53.1132,95.6949,100.1836,159325,18972,12545,15295,16883,15767,14386,11715,11555,9742,8648,6677,4786,3898,3293,2421,2742,HH,ns,ns,LL,HH,LL
1202,Sumatera Utara,Mandailing Natal,Sumatera,Kabupaten,99.3684,0.7765,2.94,21.23,29.6295,64.5208,5.8497,31.5642,54.9888,99.6172,103.511,521528,54959,50655,48912,47814,44187,41701,40189,38539,32006,28211,24639,21197,18011,13826,9299,7383,HH,ns,ns,ns,ns,ns
1203,Sumatera Utara,Tapanuli Selatan,Sumatera,Kabupaten,99.267,1.4965,2.69,21.12,28.1231,65.6161,6.2608,32.0175,52.4016,101.7098,111.2032,324079,30854,29755,30532,30708,28196,27283,25255,23028,19618,17408,15540,13633,11979,9327,6128,4835,HH,ns,ns,ns,ns,ns
1204,Sumatera Utara,Tapanuli Tengah,Sumatera,Kabupaten,98.6582,1.8429,2.84,21.26,26.9014,67.3318,5.7668,34.4258,48.5182,101.9103,106.253,410849,44545,32418,33561,36351,38032,37040,34146,32220,26938,22872,19625,16233,13175,10108,6987,6598,HH,ns,HH,ns,ns,ns
1205,Sumatera Utara,Tapanuli Utara,Sumatera,Kabupaten,99.0654,2.0009,2.81,15.67,27.6498,64.0422,8.308,30.3497,56.1469,100.6504,109.5487,334715,31505,29731,31312,32109,31627,27020,22507,20431,19105,18133,16343,14293,12791,10813,8360,8635,HH,ns,ns,ns,ns,ns
1206,Sumatera Utara,Toba ,Sumatera,Kabupaten,99.2468,2.3891,2.92,15.1,27.7873,64.089,8.1237,29.3195,56.0331,100.2503,106.6973,222422,20754,20808,20243,20365,20549,16896,14365,13403,13614,13056,11689,10278,8333,6686,5419,5964,ns,ns,ns,ns,ns,ns
1207,Sumatera Utara,Labuhan Batu,Sumatera,Kabupaten,100.0614,2.2858,2.39,19.87,26.8976,67.7317,5.3707,32.7768,47.6414,103.0233,105.7072,533334,48595,47359,47500,46161,45880,44239,44027,40664,37170,33494,28624,22848,18129,13377,8577,6690,HH,ns,ns,ns,ns,ns
1208,Sumatera Utara,Asahan,Sumatera,Kabupaten,99.5625,2.8077,2.4,17.24,26.6819,66.8808,6.4373,31.5458,49.5198,101.9846,104.9251,835180,74327,77052,71463,68976,67885,68715,66629,60235,56619,51829,45806,39382,32499,24843,16424,12496,ns,ns,ns,ns,ns,ns
1209,Sumatera Utara,Simalungun,Sumatera,Kabupaten,99.0223,2.9697,2.36,15.75,24.1321,67.6327,8.2351,31.6533,47.8574,101.5553,106.4713,1082872,94885,82459,83976,86025,86938,86958,87201,81668,76119,68390,60631,53131,45315,37466,27209,24501,ns,ns,ns,ns,ns,ns
1210,Sumatera Utara,Dairi,Sumatera,Kabupaten,98.2798,2.8405,2.97,15.25,28.0879,64.7201,7.192,31.6554,54.5115,100.9377,107.7075,342229,36283,29634,30208,31499,31201,30143,25423,21567,19301,18675,16497,14738,12447,10444,7538,6631,HH,ns,HH,ns,ns,ns
1211,Sumatera Utara,Karo,Sumatera,Kabupaten,98.3018,3.1183,2.32,14.61,24.551,67.9404,7.5087,31.188,47.1879,98.6042,102.9778,437547,37399,34265,35758,36429,35861,35966,33960,30675,28882,28484,26792,22614,17608,12908,9680,10266,ns,ns,ns,ns,ns,ns
1212,Sumatera Utara,Deli Serdang,Sumatera,Kabupaten,98.6945,3.48,2.2,14.28,25.625,68.1553,6.2197,31.0769,46.7238,100.8827,103.6674,2106860,174608,182479,182796,173412,160187,168936,168682,156941,148440,138689,126376,108862,85411,61913,40498,28630,ns,ns,ns,ns,ns,ns
1213,Sumatera Utara,Langkat,Sumatera,Kabupaten,98.2235,3.7074,2.36,14.99,25.7439,67.2154,7.0406,30.5089,48.7753,101.8272,104.3217,1100570,95667,94707,92956,76094,76605,86486,88289,84392,80008,74683,67402,58041,47753,35929,23716,17842,ns,ns,ns,ns,ns,ns
1214,Sumatera Utara,Nias Selatan,Sumatera,Kabupaten,97.742,0.7941,3.11,21.45,27.978,67.7054,4.3166,36.4632,47.6986,101.6262,105.2342,404325,50663,32483,29976,37763,41076,41500,35573,29281,22941,21350,17931,15116,11219,8031,4888,4534,HH,ns,HH,ns,HH,LL
1215,Sumatera Utara,Humbang Hasundutan,Sumatera,Kabupaten,98.5778,2.2607,3.05,15.93,28.6581,63.5163,7.8256,29.957,57.4399,100.8265,109.0855,211870,20356,19655,20707,21445,21208,17177,13223,11862,11655,11477,10193,8819,7513,5912,4641,6027,HH,ns,HH,ns,ns,ns
1216,Sumatera Utara,Pakpak Bharat,Sumatera,Kabupaten,98.2438,2.5496,3.2,21.0,32.5947,62.5616,4.8437,31.3177,59.8425,102.3232,105.0112,58261,6525,6971,5494,5172,5106,5011,4353,3776,3493,3275,2642,2076,1545,1131,816,875,HH,ns,HH,ns,ns,ns
1217,Sumatera Utara,Samosir,Sumatera,Kabupaten,98.7288,2.5615,2.95,15.79,28.0205,63.4671,8.5124,30.6383,57.562,100.4336,111.4691,146539,13770,13508,13783,13759,13901,12022,10111,8863,8338,7830,6715,6105,5360,4700,3751,4023,HH,ns,HH,ns,ns,ns
1218,Sumatera Utara,Serdang Bedagai,Sumatera,Kabupaten,99.0597,3.3657,2.33,17.64,26.0273,67.0019,6.9708,30.1964,49.2496,101.3026,105.0183,708267,59610,62930,61803,60557,54833,54183,53555,51300,49721,45321,40179,35241,29662,22748,15098,11526,ns,ns,ns,ns,ns,ns
1219,Sumatera Utara,Batu Bara,Sumatera,Kabupaten,99.4731,3.2351,2.42,19.89,28.3988,65.1901,6.4111,30.7714,53.3975,101.1293,102.0747,450421,41051,49067,37796,33497,32058,35282,37542,33719,30846,27879,24324,21000,17483,13185,8979,6713,ns,ns,ns,ns,ns,ns
1220,Sumatera Utara,Padang Lawas Utara,Sumatera,Kabupaten,99.762,1.5905,2.97,19.91,29.9297,65.6189,4.4514,32.0342,52.3952,103.8066,107.8298,290671,31120,26586,29291,29484,26303,23550,21911,21350,18805,16778,13525,10878,8151,5882,3748,3309,HH,ns,ns,LL,ns,ns
1221,Sumatera Utara,Padang Lawas,Sumatera,Kabupaten,99.8509,1.142,3.1,20.98,30.7521,64.8796,4.3683,32.6221,54.1316,100.4395,103.4983,290481,33382,27754,28193,25740,23317,25264,24030,22150,18538,16014,13472,11026,8912,6216,3751,2722,HH,ns,ns,ns,ns,ns
1222,Sumatera Utara,Labuhanbatu Selatan,Sumatera,Kabupaten,100.1401,1.8412,2.65,19.78,28.9119,67.0331,4.055,32.064,49.18,103.6727,105.0006,347767,34765,33030,32751,32088,29585,27836,27713,26374,23939,21511,18068,14796,11209,7459,4147,2496,HH,ns,ns,LL,ns,ns
1223,Sumatera Utara,Labuhanbatu Utara,Sumatera,Kabupaten,99.7573,2.4109,2.62,15.2,28.2118,66.5514,5.2368,32.7769,50.2597,102.5084,104.7297,422072,42008,38923,38143,36969,36205,35276,34508,32353,28262,25116,21054,17179,13973,10362,6797,4944,HH,ns,ns,ns,ns,ns
1224,Sumatera Utara,Nias Utara,Sumatera,Kabupaten,97.357,1.3143,3.11,20.09,29.0383,65.8589,5.1028,34.6387,51.8397,98.8397,101.5274,164166,20143,13504,14024,16133,17615,15473,12315,11462,9643,8750,7127,5392,4208,3389,2404,2584,HH,ns,HH,LL,HH,LL
1225,Sumatera Utara,Nias Barat,Sumatera,Kabupaten,97.4981,1.0387,3.32,21.15,31.5491,63.4568,4.9941,33.0893,57.5875,94.8659,97.0449,100960,13139,9287,9426,10223,10225,9320,6993,6869,5718,5092,3924,3094,2608,2158,1604,1280,HH,ns,ns,LL,HH,LL
1271,Sumatera Utara,Kota Sibolga,Sumatera,Kota,98.7891,1.7424,2.23,16.72,26.1151,67.7323,6.1526,31.8376,47.64,101.1055,108.2857,92774,7772,8834,7622,7907,7813,7679,7269,6776,6499,6122,5208,4217,3348,2610,1744,1354,LH,ns,HH,ns,ns,ns
1272,Sumatera Utara,Kota Tanjung Balai,Sumatera,Kota,99.795,2.9642,2.33,16.41,27.3853,66.9607,5.654,32.8014,49.3413,102.2589,106.8886,190449,16745,18898,16512,16024,16067,16590,15830,13983,12387,11307,10164,8389,6785,4783,3244,2741,ns,ns,ns,ns,ns,ns
1273,Sumatera Utara,Kota Pematang Siantar,Sumatera,Kota,99.0586,2.9608,2.08,15.19,23.3973,67.6164,8.9863,31.1339,47.8932,97.7779,103.0941,281250,21700,22359,21746,21760,23305,22642,21862,19755,18755,17447,16386,15192,13067,10234,7294,7746,ns,ns,ns,ns,ns,ns
1274,Sumatera Utara,Kota Tebing Tinggi,Sumatera,Kota,99.1561,3.3291,2.14,14.26,25.1667,67.1738,7.6594,30.3933,48.8675,98.8182,101.9842,184883,14655,16239,15635,14796,13433,14092,14770,13897,13111,11836,10591,9382,8285,6447,4255,3459,ns,ns,ns,ns,ns,ns
1275,Sumatera Utara,Kota Medan,Sumatera,Kota,98.667,3.6281,1.87,13.3,22.4611,69.6075,7.9314,30.6845,43.6626,99.0523,103.585,2510147,176603,196175,191028,185345,186138,192120,195788,196179,192239,180344,164812,141380,112906,84859,58887,55344,ns,ns,ns,ns,ns,ns
1276,Sumatera Utara,Kota Binjai,Sumatera,Kota,98.4892,3.6008,2.09,13.95,25.1472,67.7891,7.0637,30.3215,47.5163,99.9809,101.9287,314552,24552,28617,25932,24234,22475,23992,24992,23918,23179,21222,19344,16492,13384,10041,6760,5418,ns,ns,ns,ns,ns,ns
1277,Sumatera Utara,Kota Padangsidimpuan,Sumatera,Kota,99.2848,1.3902,2.39,16.61,26.0565,67.8021,6.1414,34.08,47.488,104.6133,112.125,247535,22727,22041,19731,19500,20749,21683,22141,19787,16243,14400,12387,11350,9594,6881,4338,3983,HH,ns,HH,ns,ns,ns
1278,Sumatera Utara,Kota Gunungsitoli,Sumatera,Kota,97.5872,1.2684,2.62,15.64,29.9768,64.7834,5.2398,31.8888,54.3606,95.8858,97.4854,149739,15005,15275,14607,13768,13369,12438,10826,11117,9892,8735,6938,5435,4488,3418,2446,1982,HH,ns,ns,LL,HH,LL
1301,Sumatera Barat,Kepulauan Mentawai,Sumatera,Kabupaten,98.927,-1.3744,2.73,24.7,26.1144,68.8354,5.0502,32.7917,45.274,106.631,106.6371,95323,9842,7335,7716,9488,8676,7665,7328,7589,6608,5889,4967,4282,3124,2316,1311,1187,ns,ns,ns,ns,ns,ns
1302,Sumatera Barat,Pesisir Selatan,Sumatera,Kabupaten,100.88,-1.7386,2.49,16.15,24.6753,67.0449,8.2799,30.7056,49.1538,101.0619,106.2794,547763,48542,44298,42322,45130,45588,43844,40133,38629,36877,35654,31058,27875,22459,19166,13679,12509,ns,ns,ns,ns,ns,ns
1303,Sumatera Barat,Solok,Sumatera,Kabupaten,100.8413,-0.9834,2.33,20.81,24.0952,67.8037,8.1011,31.9896,47.4845,101.0954,105.765,420412,36213,31637,33449,35034,35734,35045,32647,31062,28889,26295,23042,19730,17577,14574,10515,8969,ns,ns,ns,ns,ns,ns
1304,Sumatera Barat,Sijunjung,Sumatera,Kabupaten,101.0962,-0.6907,2.44,20.56,25.0265,67.8064,7.167,30.9715,47.4786,102.1707,103.8486,252768,22482,21048,19729,21290,21442,20053,18400,18391,17732,16691,15120,12390,9884,7987,5500,4629,ns,ns,ns,ns,ns,ns
1305,Sumatera Barat,Tanah Datar,Sumatera,Kabupaten,100.5808,-0.4679,2.37,14.6,21.6554,67.3266,11.0179,30.8077,48.5296,102.3323,112.5226,397235,32557,26509,26957,30437,32371,32689,30795,26524,24908,24167,23088,21977,20489,17334,13336,13097,ns,ns,ns,ns,ns,ns
1306,Sumatera Barat,Padang Pariaman,Sumatera,Kabupaten,100.2278,-0.5649,2.45,14.43,24.2927,66.7869,8.9204,32.4838,49.73,101.3787,111.7372,474990,41561,36582,37245,40237,41249,41681,39206,32159,27478,26733,25748,23222,19518,16472,12236,13663,ns,ns,ns,ns,ns,ns
1307,Sumatera Barat,Agam,Sumatera,Kabupaten,100.1732,-0.2528,2.51,13.75,22.8368,66.9141,10.2491,31.6884,49.4454,101.8972,108.9199,574226,51249,39144,40742,44583,47753,47869,45830,40511,37697,34331,31235,28826,25603,21138,16486,21229,ns,ns,ns,ns,ns,ns
1308,Sumatera Barat,Lima Puluh Kota,Sumatera,Kabupaten,100.571,0.0146,2.38,17.73,22.7121,67.7128,9.575,30.2846,47.6825,100.7923,107.9835,410327,33883,29901,29410,33459,34445,33539,30069,26213,26172,27572,26438,22206,17731,15000,11872,12417,ns,ns,ns,ns,ns,ns
1309,Sumatera Barat,Pasaman,Sumatera,Kabupaten,100.0871,0.3929,2.53,22.94,25.339,67.7177,6.9433,32.3494,47.6718,102.2073,108.0385,327768,30363,26433,26257,28592,28274,27538,26046,24173,22646,19998,16853,14838,12999,9997,6687,6074,ns,ns,ns,ns,ns,ns
1310,Sumatera Barat,Solok Selatan,Sumatera,Kabupaten,101.268,-1.4235,2.52,22.54,25.5239,68.1908,6.2853,32.6796,46.6475,102.8411,103.5024,201979,19370,16807,15376,16018,17190,17651,15766,15399,14403,13334,11400,9361,7209,5385,3719,3591,ns,ns,ns,ns,ns,ns
1311,Sumatera Barat,Dharmasraya,Sumatera,Kabupaten,101.5573,-1.1315,2.33,16.35,25.27,68.7399,5.9901,31.7308,45.4759,102.2613,100.0475,252149,22561,21165,19992,20870,20162,19816,19967,20064,19051,17434,14821,11962,9180,6576,4361,4167,ns,ns,ns,ns,ns,ns
1312,Sumatera Barat,Pasaman Barat,Sumatera,Kabupaten,99.6855,0.2035,2.43,20.89,26.4233,68.0786,5.498,32.8086,46.8889,102.3842,105.2504,468987,43363,40896,39663,41875,41490,38675,37513,36190,32679,29062,24640,20584,16572,12016,7555,6214,ns,ns,ns,ns,ns,ns
1371,Sumatera Barat,Kota Padang,Sumatera,Kota,100.438,-0.8985,2.2,11.26,24.0182,68.1219,7.8599,31.1853,46.7956,100.4632,104.1744,975548,82331,78844,73134,74336,71758,74920,79860,77690,70210,62464,57211,52515,43598,33695,23138,19844,ns,ns,ns,ns,ns,ns
1372,Sumatera Barat,Kota Solok,Sumatera,Kota,100.6293,-0.7835,2.37,13.06,26.3411,67.4595,6.1993,31.575,48.237,101.6935,102.2787,82654,7439,7474,6859,6626,6418,6491,6667,6522,5919,5410,4648,3778,3279,2365,1522,1237,ns,ns,ns,ns,ns,ns
1373,Sumatera Barat,Kota Sawahlunto,Sumatera,Kota,100.7544,-0.6523,2.33,17.96,24.3321,67.1374,8.5305,30.2233,48.9482,101.1386,105.4743,70664,5890,6032,5272,5358,5457,5429,5485,4986,4727,4487,4222,3813,3478,2572,1808,1648,ns,ns,ns,ns,ns,ns
1374,Sumatera Barat,Kota Padang Panjang,Sumatera,Kota,100.4017,-0.4729,2.42,13.22,26.0643,66.9619,6.9737,31.6479,49.3385,100.941,101.9645,61072,5704,5560,4654,4914,4886,4995,4897,4550,4093,3779,3356,2967,2458,1801,1275,1183,ns,ns,ns,ns,ns,ns
1375,Sumatera Barat,Kota Bukittinggi,Sumatera,Kota,100.3732,-0.2996,2.3,10.36,24.8525,67.5294,7.6181,30.8984,48.0836,99.374,102.1157,126764,10998,10699,9807,10205,9920,9744,9965,9539,8718,7949,7496,6540,5527,4090,2746,2821,ns,ns,ns,HH,ns,ns
1376,Sumatera Barat,Kota Payakumbuh,Sumatera,Kota,100.6319,-0.2271,2.33,12.79,24.5989,67.4109,7.9902,30.1158,48.344,100.8598,101.8264,150446,12701,12854,11453,12332,11741,11257,11596,10714,10442,9882,9051,7823,6579,5170,3484,3367,ns,ns,ns,HH,ns,ns
1377,Sumatera Barat,Kota Pariaman,Sumatera,Kota,100.1373,-0.6081,2.37,14.29,24.9532,67.1445,7.9022,31.8875,48.9325,102.278,109.9155,100516,8765,8654,7663,7719,8017,8346,8203,7486,6836,6051,5441,5077,4315,3238,2271,2434,ns,ns,ns,ns,ns,ns
1401,Riau,Kuantan Singingi,Sumatera,Kabupaten,101.5063,-0.4742,2.18,15.22,24.8613,68.3488,6.7899,31.875,46.3084,102.7872,103.3144,356220,29713,29514,29334,28684,29217,28791,28127,27410,25687,23710,20843,17244,13759,11074,7507,5606,ns,ns,ns,ns,ns,ns
1402,Riau,Indragiri Hulu,Sumatera,Kabupaten,102.332,-0.5416,2.17,16.14,25.7882,69.0862,5.1256,32.1406,44.7467,104.5288,103.7226,480336,39746,40702,43422,41758,40877,37665,37489,38352,35766,32162,27701,22425,17651,12000,7626,4994,ns,ns,ns,ns,ns,ns
1403,Riau,Indragiri Hilir,Sumatera,Kabupaten,103.1606,-0.2347,2.23,16.71,24.3961,69.5064,6.0975,31.7757,43.8716,106.2325,106.9658,699324,57804,55944,56860,58185,56244,57877,54695,53399,50819,49196,43630,35351,26679,19404,13438,9799,ns,ns,ns,ns,ns,ns
1404,Riau,Pelalawan,Sumatera,Kabupaten,102.2562,0.2075,2.19,13.02,27.6494,68.6494,3.7012,31.8721,45.6676,105.6444,102.2657,427434,35844,40385,41954,38888,34758,32383,33813,35278,33054,29829,24177,18429,12822,8311,4693,2816,ns,ns,ns,ns,ns,ns
1405,Riau,Siak,Sumatera,Kabupaten,101.8761,0.817,2.25,15.5,26.2136,69.7368,4.0496,32.674,43.3963,105.6055,105.5478,496891,42136,43288,44829,43424,44196,42136,38943,37079,34627,33622,30721,24907,16861,9927,6090,4105,ns,ns,ns,ns,ns,ns
1406,Riau,Kampar,Sumatera,Kabupaten,101.0659,0.3212,2.26,14.93,26.5942,68.5254,4.8804,32.3084,45.9313,104.3376,103.46,921673,79884,86475,78753,73184,71068,76157,76972,73581,67063,61527,54091,44194,33743,22569,13427,8985,ns,ns,ns,ns,ns,ns
1407,Riau,Rokan Hulu,Sumatera,Kabupaten,100.5048,0.9431,2.22,11.25,25.2158,69.9237,4.8605,33.5084,43.0131,103.5244,102.4456,609692,53877,44901,54961,56553,56702,52440,47544,47612,45046,40741,33528,25852,20301,14027,8836,6771,ns,ns,ns,ns,ns,ns
1408,Riau,Bengkalis,Sumatera,Kabupaten,101.5619,1.2837,2.53,13.93,26.9427,66.8809,6.1764,29.5176,49.5194,104.5458,106.0638,604531,53999,57084,51794,46713,40943,46268,46932,44300,42578,41708,37428,31998,25448,18105,11290,7943,ns,ns,ns,LL,ns,ns
1409,Riau,Rokan Hilir,Sumatera,Kabupaten,100.7492,1.7679,2.26,15.63,26.0729,68.7926,5.1345,32.8591,45.3645,104.3358,104.7023,691826,60087,56550,63742,63725,62961,59182,54705,50480,47915,43978,37876,30692,24411,17285,10896,7341,ns,ns,ns,LL,ns,ns
1410,Riau,Kepulauan Meranti,Sumatera,Kabupaten,102.7313,0.8671,2.16,18.68,24.404,68.2154,7.3806,32.6682,46.5945,106.8907,110.7195,217407,17410,18787,16859,15691,18338,18423,17535,16727,15664,14588,12423,9993,8923,6895,4765,4386,ns,ns,ns,ns,ns,ns
1471,Riau,Kota Pekanbaru,Sumatera,Kota,101.4654,0.5512,2.04,10.0,25.524,68.688,5.788,30.9495,45.5859,100.4884,99.805,1046046,82883,95374,88736,80469,77156,80898,83208,82484,78240,72757,66228,54203,42865,28875,18893,12777,ns,ns,ns,ns,ns,ns
1473,Riau,Kota Dumai,Sumatera,Kota,101.2826,1.8202,2.13,11.02,26.7849,67.8724,5.3427,31.8478,47.3353,104.7814,105.7498,341006,27405,33189,30744,27877,26897,27468,27720,26518,25114,23030,19672,15104,12049,8631,5636,3952,ns,ns,ns,LL,ns,ns
1501,Jambi,Kerinci,Sumatera,Kabupaten,101.465,-2.0332,2.17,17.26,23.0034,67.8998,9.0968,29.0079,47.2759,100.4571,102.2503,259640,19956,19753,20017,19142,18613,18847,18946,18910,18563,18336,17018,15136,12784,9991,7079,6549,ns,ns,ns,ns,ns,ns
1502,Jambi,Merangin,Sumatera,Kabupaten,102.0684,-2.193,2.11,14.14,24.9849,69.2042,5.811,31.8999,44.5,102.4021,99.6864,383224,32365,31342,32041,31775,31392,31124,30141,29591,28079,26286,23167,18884,14768,10541,6860,4868,ns,ns,ns,ns,ns,ns
1503,Jambi,Sarolangun,Sumatera,Kabupaten,102.673,-2.3059,2.6,16.2,28.0862,66.6243,5.2895,30.839,50.0954,103.3159,101.1335,314735,30407,29602,28388,25884,24664,24737,24088,23572,22294,20643,18080,14544,11184,7854,5105,3689,ns,ns,ns,ns,ns,ns
1504,Jambi,Batang Hari,Sumatera,Kabupaten,103.0979,-1.7495,2.22,12.59,25.144,68.9294,5.9266,31.6729,45.076,103.2976,102.7209,323914,27710,26820,26915,26496,26062,26056,25513,24962,23650,22209,19598,16088,12638,8992,5848,4357,ns,ns,ns,ns,ns,ns
1505,Jambi,Muaro Jambi,Sumatera,Kabupaten,103.7373,-1.6123,2.16,11.91,24.6242,69.8842,5.4916,31.6839,43.0938,104.8669,102.8754,435795,36280,35410,35621,34361,33995,34678,34572,34832,33360,31474,27750,22350,17180,11699,7349,4884,ns,ns,ns,ns,ns,ns
1506,Jambi,Tanjung Jabung Timur,Sumatera,Kabupaten,103.9642,-1.2263,2.32,14.98,24.7041,67.8962,7.3996,30.0014,47.2836,103.3412,105.2191,243255,20469,20056,19569,18561,18248,18313,18036,18383,17945,17218,15489,12797,10171,7385,5144,5471,ns,ns,ns,ns,ns,ns
1507,Jambi,Tanjung Jabung Barat,Sumatera,Kabupaten,103.1144,-1.0713,2.33,17.0,25.5737,68.4254,6.0009,32.6396,46.1446,105.3226,106.3433,344131,30702,29151,28154,27217,26978,28120,29306,27919,24988,22467,19430,16246,12802,9530,6261,4860,ns,ns,ns,ns,ns,ns
1508,Jambi,Tebo,Sumatera,Kabupaten,102.3643,-1.3077,2.39,15.6,26.3038,67.836,5.8602,30.793,47.4144,104.6441,102.7943,363894,32613,31900,31205,29018,28026,28285,27940,27803,26627,25142,22128,17924,13958,9907,6466,4952,ns,ns,ns,ns,ns,ns
1509,Jambi,Bungo,Sumatera,Kabupaten,101.9264,-1.5919,2.19,15.26,25.1338,68.9808,5.8853,32.214,44.9678,103.2438,103.9342,390852,33268,32206,32762,32612,32314,31973,30969,30653,28947,26409,22959,18442,14335,10425,6926,5652,ns,ns,ns,ns,ns,ns
1571,Jambi,Kota Jambi,Sumatera,Kota,103.6007,-1.6192,2.07,11.64,23.0917,70.0291,6.8792,31.3968,42.7978,100.9688,102.3516,649260,51426,49848,48651,50645,51274,51423,50745,50405,48516,46467,41813,35220,28163,20391,13537,10736,ns,ns,ns,ns,ns,ns
1572,Jambi,Kota Sungai Penuh,Sumatera,Kota,101.3388,-2.1134,2.16,15.17,23.0689,68.3851,8.546,29.9298,46.2306,101.4538,105.1801,102961,8026,7821,7905,7742,7657,7783,7779,7597,7348,7324,6707,5756,4717,3626,2553,2620,ns,ns,ns,ns,ns,ns
1601,Sumatera Selatan,Ogan Komering Ulu,Sumatera,Kabupaten,104.1051,-4.0935,2.25,16.0,25.8722,67.3417,6.7862,30.1954,48.4965,104.4817,105.7231,390470,31529,33944,35550,32442,29157,29565,29454,29728,28335,26303,22745,19456,15764,11749,7858,6891,ns,ns,ns,ns,ns,ns
1602,Sumatera Selatan,Ogan Komering Ilir,Sumatera,Kabupaten,105.3973,-3.3633,2.22,14.42,24.2564,69.4279,6.3157,31.0323,44.0342,105.0354,105.5142,825692,68000,60857,71426,69631,64245,63983,65398,62605,59731,57278,52643,43908,33839,23294,15325,13529,ns,ns,ns,ns,ns,ns
1603,Sumatera Selatan,Muara Enim,Sumatera,Kabupaten,103.8812,-3.7502,2.18,14.1,25.9279,67.2999,6.7722,30.5051,48.5886,103.8102,106.2807,654720,51824,61930,56001,51282,48810,50842,50238,49833,46767,44029,39502,32787,26536,19791,13301,11247,ns,ns,ns,ns,ns,ns
1604,Sumatera Selatan,Lahat,Sumatera,Kabupaten,103.379,-3.8285,2.22,17.04,24.6993,67.785,7.5156,30.4407,47.5252,104.2543,107.4675,460814,36428,38158,39232,36893,38080,37339,32032,32824,32487,32551,28399,23033,18725,14764,9978,9891,ns,ns,ns,ns,ns,ns
1605,Sumatera Selatan,Musi Rawas,Sumatera,Kabupaten,103.1366,-3.1655,2.2,15.71,24.8065,68.132,7.0615,29.9965,46.7738,104.2369,104.7321,419572,33269,33811,37001,33561,32171,31355,30880,31451,30969,30238,27057,21271,16910,12689,8867,8072,ns,ns,ns,ns,ns,ns
1606,Sumatera Selatan,Musi Banyuasin,Sumatera,Kabupaten,103.8278,-2.4506,2.26,14.42,26.9789,67.0788,5.9423,30.627,49.0784,105.0299,103.5075,666458,54864,63747,61192,54667,51272,48998,50968,52878,50347,45001,38395,31150,23376,17243,11934,10426,ns,ns,ns,ns,ns,ns
1607,Sumatera Selatan,Banyu Asin,Sumatera,Kabupaten,104.6888,-2.5302,2.17,14.11,24.6505,68.6841,6.6653,31.7858,45.594,104.5456,106.2658,908792,73808,72984,77230,74002,73477,73408,72353,69629,66233,59788,54077,45544,35685,25118,17413,18043,ns,ns,ns,ns,ns,ns
1608,Sumatera Selatan,Ogan Komering Ulu Selatan,Sumatera,Kabupaten,103.9103,-4.5889,2.21,16.98,23.4491,69.7551,6.7958,32.7423,43.3588,106.4698,107.399,439948,37292,32982,32890,34762,37076,37652,34855,34466,32094,30747,26439,21766,17029,12970,8622,8306,ns,ns,ns,ns,ns,ns
1609,Sumatera Selatan,Ogan Komering Ulu Timur,Sumatera,Kabupaten,104.5669,-4.0744,2.15,13.92,24.007,68.1975,7.7955,29.4544,46.633,104.2794,105.3651,685776,52300,54941,57393,52426,48665,50207,52337,50782,50934,50159,45369,36668,30135,21876,15726,15858,ns,ns,ns,ns,ns,ns
1610,Sumatera Selatan,Ogan Ilir,Sumatera,Kabupaten,104.6056,-3.415,2.16,17.57,25.6139,67.3675,7.0186,31.5566,48.4395,102.6633,107.3782,446141,35405,38487,40382,36307,36161,36185,34645,33796,30402,27612,24965,21812,18669,14018,9065,8230,ns,ns,ns,ns,ns,ns
1611,Sumatera Selatan,Empat Lawang,Sumatera,Kabupaten,102.9478,-3.7516,2.29,23.78,21.6257,71.0875,7.2868,33.1753,40.6717,105.1475,105.8656,352187,30915,21286,23962,27628,29835,29075,27699,30230,26669,25516,21225,18307,14177,11255,7090,7318,ns,ns,ns,ns,ns,ns
1612,Sumatera Selatan,Penukal Abab Lematang Ilir,Sumatera,Kabupaten,103.9951,-3.2011,2.24,15.17,27.8252,66.6842,5.4906,32.1308,49.9605,101.9279,103.4572,210633,18081,20648,19880,17875,16934,17493,17045,16206,14622,13069,11271,8888,7056,4986,3561,3018,ns,ns,ns,ns,ns,ns
1613,Sumatera Selatan,Musi Rawas Utara,Sumatera,Kabupaten,102.7435,-2.7403,2.24,18.1,25.9429,67.9858,6.0713,32.6853,47.0896,103.7527,106.1673,203119,17319,17214,18162,16578,16358,16880,16649,16503,14372,12779,10873,9308,7792,5889,3504,2939,ns,ns,ns,ns,ns,ns
1671,Sumatera Selatan,Kota Palembang,Sumatera,Kota,104.7416,-2.9717,2.07,11.83,25.0734,67.0483,7.8782,30.0356,49.1461,100.2161,104.0714,1740559,132751,150681,152986,128845,121980,132244,135673,132891,128554,115793,104454,91302,75280,59347,41912,35866,ns,ns,ns,ns,ns,ns
1672,Sumatera Selatan,Kota Prabumulih,Sumatera,Kota,104.2295,-3.4483,2.14,13.46,26.7796,67.3786,5.8419,30.5774,48.4152,100.9611,101.5111,208461,16595,19161,20069,17919,16453,16228,15590,15471,15029,13875,12186,9891,7816,5639,3746,2793,ns,ns,ns,ns,ns,ns
1673,Sumatera Selatan,Kota Pagar Alam,Sumatera,Kota,103.2661,-4.1173,2.26,17.3,24.782,67.5497,7.6683,28.6965,48.0391,104.5099,107.3138,151820,11588,12657,13379,11965,10928,11057,10406,11176,11489,11373,9825,7819,6516,5039,3450,3153,ns,ns,ns,ns,ns,ns
1674,Sumatera Selatan,Kota Lubuklinggau,Sumatera,Kota,102.8748,-3.2626,2.17,13.41,26.2691,67.495,6.2358,31.4684,48.159,101.2652,102.7254,251980,20727,23135,22331,20195,19630,20222,19920,19522,17810,16610,14554,11932,9679,7157,4615,3941,ns,ns,ns,ns,ns,ns
1701,Bengkulu,Bengkulu Selatan,Sumatera,Kabupaten,103.0214,-4.3484,2.37,17.87,24.2873,68.2602,7.4525,30.1684,46.4983,103.3297,105.5855,176907,14956,13852,14158,14432,14458,13603,12759,12550,12247,11863,11343,9818,7684,5631,3826,3727,ns,ns,ns,ns,ns,ns
1702,Bengkulu,Rejang Lebong,Sumatera,Kabupaten,102.7022,-3.4306,2.16,14.99,23.1024,69.8954,7.0022,31.8571,43.0708,103.5248,107.0759,294879,23912,22220,21992,23306,24235,24251,23172,22282,21321,21171,18798,15454,12117,9086,6303,5259,ns,ns,ns,ns,ns,ns
1703,Bengkulu,Bengkulu Utara,Sumatera,Kabupaten,101.9785,-3.2253,2.33,17.47,25.3832,67.522,7.0948,30.0627,48.0998,104.0077,104.5705,316824,26578,27279,26563,26314,24318,23667,23554,23707,23577,21746,18727,15697,12619,9504,6788,6186,ns,ns,ns,ns,ns,ns
1704,Bengkulu,Kaur,Sumatera,Kabupaten,103.4124,-4.6109,2.46,19.0,24.5001,68.6594,6.8405,30.8111,45.6466,105.2158,107.5561,135779,11973,10453,10840,11485,11620,10461,9767,9987,9808,9385,8433,6802,5477,4153,2595,2540,ns,ns,ns,ns,ns,ns
1705,Bengkulu,Seluma,Sumatera,Kabupaten,102.6603,-4.0519,2.43,18.78,24.423,68.7471,6.83,30.7641,45.4607,105.9208,110.2951,222168,19292,17720,17248,17350,17991,16864,16853,16640,16739,15992,13857,11428,9020,6667,4332,4175,ns,ns,ns,ns,ns,ns
1706,Bengkulu,Mukomuko,Sumatera,Kabupaten,101.4823,-2.6908,2.29,15.22,26.6839,67.7057,5.6105,31.6463,47.6981,106.1616,105.2864,207380,17902,18916,18519,17769,16455,16405,16278,16490,15834,13450,11290,9267,7170,4948,3569,3118,ns,ns,ns,ns,ns,ns
1707,Bengkulu,Lebong,Sumatera,Kabupaten,102.2479,-3.0902,2.4,19.62,24.8264,67.7141,7.4595,31.333,47.6797,104.291,107.0526,114499,10052,9284,9090,8661,9216,9225,8807,8628,8075,7446,6883,5784,4807,3705,2596,2240,ns,ns,ns,ns,ns,ns
1708,Bengkulu,Kepahiang,Sumatera,Kabupaten,102.6446,-3.6287,2.16,18.93,23.1303,70.2999,6.5698,31.5255,42.2478,105.3446,106.3174,159639,12896,12093,11936,11979,12150,12878,12406,12893,11966,11974,10513,8660,6807,4747,3124,2617,ns,ns,ns,ns,ns,ns
1709,Bengkulu,Bengkulu Tengah,Sumatera,Kabupaten,102.4042,-3.6853,2.29,18.19,25.3424,68.5451,6.1126,32.2514,45.8894,104.6291,107.4628,125675,11059,10244,10546,10428,10244,10251,10056,9981,9132,8425,7253,5825,4549,3397,2201,2084,ns,ns,ns,ns,ns,ns
1771,Bengkulu,Kota Bengkulu,Sumatera,Kota,102.3081,-3.8411,2.12,11.99,25.3531,68.8418,5.8051,33.4436,45.2605,101.9152,99.6822,409591,36069,34781,32994,30127,29928,35623,37387,34044,29330,25848,23132,19975,16576,11716,7138,4923,ns,ns,ns,ns,ns,ns
1801,Lampung,Lampung Barat,Sumatera,Kabupaten,104.2531,-5.0506,2.46,14.63,25.6872,67.7258,6.587,30.479,47.6542,106.3328,105.4496,322589,28800,27750,26314,25986,25049,24300,23744,25229,23611,21884,19338,16552,12783,9477,6099,5673,ns,ns,ns,ns,ns,ns
1802,Lampung,Tanggamus,Sumatera,Kabupaten,104.6724,-5.424,2.33,14.18,24.7954,67.6291,7.5755,31.1622,47.8653,106.2354,109.0201,685539,57868,55831,56283,51918,52334,54918,52521,53856,48758,45899,39862,34986,28572,21953,14962,15018,ns,ns,ns,ns,ns,ns
1803,Lampung,Lampung Selatan,Sumatera,Kabupaten,105.5014,-5.5148,2.29,13.1,25.4869,67.6873,6.8258,30.4194,47.7383,103.6643,104.8156,1147198,96250,98818,97317,90235,87786,90017,87297,83871,84833,79481,69762,57241,45984,34194,22929,21183,ns,ns,ns,ns,ns,ns
1804,Lampung,Lampung Timur,Sumatera,Kabupaten,105.6491,-5.1311,2.23,13.92,23.2451,68.3366,8.4182,29.5234,46.3344,102.5992,103.7353,1175365,94200,86024,92991,90470,87807,89148,86615,83438,84079,85381,79210,64713,52344,39734,29121,30090,ns,ns,ns,ns,ns,ns
1805,Lampung,Lampung Tengah,Sumatera,Kabupaten,105.2718,-4.8564,2.16,13.04,23.1897,68.948,7.8622,30.6648,45.0367,103.4554,102.734,1557290,126174,117017,117940,112087,113460,122109,123282,118689,114241,112550,101995,85131,70177,51861,35365,35212,ns,ns,ns,ns,ns,ns
1806,Lampung,Lampung Utara,Sumatera,Kabupaten,104.8076,-4.7966,2.27,14.06,25.3632,66.9923,7.6445,30.2757,49.2709,102.9744,106.2525,671492,54685,57407,58220,55519,52183,51350,49521,50245,45889,42969,39079,34158,28935,21704,14719,14909,ns,ns,ns,ns,ns,ns
1807,Lampung,Way Kanan,Sumatera,Kabupaten,104.606,-4.5145,2.26,13.56,26.0219,66.9377,7.0404,30.8131,49.3926,103.9803,104.2912,509245,42731,45687,44097,40866,38955,38483,39018,40458,37100,33360,28553,23886,20198,15437,10447,9969,ns,ns,ns,ns,ns,ns
1808,Lampung,Tulangbawang,Sumatera,Kabupaten,105.5281,-4.3733,2.21,14.22,25.1766,68.6359,6.1876,31.0146,45.6964,105.614,104.7394,460341,38015,37830,40053,38418,35236,35152,36593,35792,33059,30751,28784,24373,17801,12062,8217,8205,ns,ns,ns,ns,ns,ns
1809,Lampung,Pesawaran,Sumatera,Kabupaten,105.1106,-5.4643,2.23,14.72,25.067,67.2919,7.6411,30.5096,48.6062,104.9837,108.5622,512164,41007,44185,43192,40710,41033,40787,37546,36893,36221,34660,30384,25649,20762,16425,11478,11232,ns,ns,ns,ns,ns,ns
1810,Lampung,Pringsewu,Sumatera,Kabupaten,104.9334,-5.3369,2.24,12.92,24.235,67.7915,7.9735,30.2717,47.5112,104.4253,104.8455,434739,35151,34601,35607,32852,33992,34970,32095,30546,29874,29012,27285,24177,19913,14647,10229,9788,ns,ns,ns,ns,ns,ns
1811,Lampung,Mesuji,Sumatera,Kabupaten,105.3783,-4.0246,2.25,15.04,25.7592,68.0342,6.2066,32.9966,46.985,105.043,101.8121,248750,22436,20438,21202,19543,18177,19691,22757,21454,18600,15693,13214,10971,9135,6521,4555,4363,ns,ns,ns,ns,ns,ns
1812,Lampung,Tulang Bawang Barat,Sumatera,Kabupaten,105.0874,-4.4252,2.18,13.58,24.7756,67.4677,7.7566,29.6657,48.219,103.1903,101.5314,304759,24377,26216,24913,22204,18461,22016,25156,24776,22919,20624,18966,16585,13907,9968,6914,6757,ns,ns,ns,ns,ns,ns
1813,Lampung,Pesisir Barat,Sumatera,Kabupaten,104.1621,-5.3349,2.52,15.04,27.5717,65.8195,6.6088,30.7687,51.9306,106.9474,108.1817,177385,15989,16724,16195,15225,14122,14080,13253,13124,11870,10707,9367,8172,6834,5113,3417,3193,ns,ns,ns,ns,ns,ns
1871,Lampung,Kota Bandar Lampung,Sumatera,Kota,105.2619,-5.414,2.15,11.78,23.2854,69.0552,7.6593,31.165,44.8117,103.2612,103.7194,1237627,101661,93361,93165,89805,92475,92680,97678,102873,99002,87325,75347,65625,51836,39512,26912,28370,ns,ns,ns,ns,ns,ns
1872,Lampung,Kota Metro,Sumatera,Kota,105.3077,-5.1173,2.04,9.44,23.7568,68.3451,7.8981,30.1942,46.3162,100.5963,99.6423,179309,13723,14804,14071,13006,13534,13962,13716,12929,12270,12359,11968,10593,8212,6213,4248,3701,ns,ns,ns,ns,ns,ns
1901,Kepulauan Bangka Belitung,Bangka,Sumatera,Kabupaten,105.9197,-1.9042,2.3,14.21,23.8042,69.1188,7.077,31.5735,44.6784,105.2845,106.0121,350006,30054,27493,25769,28128,28428,28039,26666,27376,25955,24293,21478,17609,13948,10702,7680,6388,ns,ns,ns,ns,ns,ns
1902,Kepulauan Bangka Belitung,Belitung,Sumatera,Kabupaten,107.7368,-2.8618,2.12,14.54,22.2818,69.849,7.8692,31.7067,43.166,103.1109,104.9552,195675,15724,14583,13293,14064,15038,16175,16631,14198,13977,13709,13111,10893,8881,6411,4389,4598,ns,ns,ns,ns,ns,ns
1903,Kepulauan Bangka Belitung,Bangka Barat,Sumatera,Kabupaten,105.4873,-1.8891,2.19,16.14,24.1026,69.7606,6.1369,31.9617,43.3474,106.1272,106.5551,221628,18351,17674,17393,18779,18780,17836,16403,17817,17088,15759,13492,10561,8094,6034,4097,3470,ns,ns,ns,ns,ns,ns
1904,Kepulauan Bangka Belitung,Bangka Tengah,Sumatera,Kabupaten,106.234,-2.4326,2.3,16.04,24.7489,69.7469,5.5042,32.7816,43.3755,106.542,105.1255,216454,19083,17216,17271,18118,18371,17465,16903,18218,17027,14762,12450,9862,7794,5748,3554,2612,ns,ns,ns,ns,ns,ns
1905,Kepulauan Bangka Belitung,Bangka Selatan,Sumatera,Kabupaten,106.3066,-2.7651,2.13,17.81,23.0112,71.6444,5.3444,33.5558,39.5782,105.894,105.6118,213683,17976,15212,15983,17245,17873,17913,17783,18134,16771,15080,13124,10852,8317,5578,3099,2743,ns,ns,ns,ns,ns,ns
1906,Kepulauan Bangka Belitung,Belitung Timur,Sumatera,Kabupaten,108.044,-2.9072,2.1,16.1,21.9412,70.3283,7.7305,30.9743,42.1902,106.3181,108.3721,135877,10425,9954,9434,9719,10784,10948,10831,9524,9866,10466,9664,7795,5963,4369,3164,2971,ns,ns,ns,ns,ns,ns
1971,Kepulauan Bangka Belitung,Kota Pangkal Pinang,Sumatera,Kota,106.1127,-2.1108,2.2,11.14,24.554,68.2598,7.1862,31.2394,46.499,102.4143,101.9137,236426,20032,20354,17666,18151,17393,17764,19200,19501,18342,16525,13909,11389,9210,7436,5268,4286,ns,ns,ns,ns,ns,ns
2101,Kepulauan Riau,Karimun,Sumatera,Kabupaten,103.4228,0.7566,2.27,12.78,25.3736,67.2419,7.3845,29.6895,48.7168,105.1872,102.63,268590,21955,23031,23165,18995,19669,20223,19868,19983,19499,18893,16897,14239,12339,8787,5601,5446,ns,ns,ns,ns,ns,ns
2102,Kepulauan Riau,Bintan,Sumatera,Kabupaten,104.4741,1.0514,2.2,11.18,25.0164,69.2001,5.7835,29.7122,44.5084,105.6663,100.4846,172663,13980,14327,14887,13697,13465,12452,12237,13148,14108,13291,11450,8734,6901,4611,2725,2650,ns,ns,ns,ns,ns,ns
2103,Kepulauan Riau,Natuna,Sumatera,Kabupaten,108.2022,3.9164,2.42,13.85,26.6439,67.1939,6.1623,30.694,48.8231,105.6262,102.8367,87825,7689,7766,7945,7430,7547,6689,6201,6520,6434,5844,5079,3975,3294,2428,1527,1457,ns,ns,ns,ns,ns,ns
2104,Kepulauan Riau,Lingga,Sumatera,Kabupaten,104.6561,-0.1718,2.26,15.06,23.9209,67.4721,8.607,29.8623,48.2094,107.0312,103.4831,103880,8263,8106,8480,7884,8939,7333,6942,7807,7911,7122,6341,5225,4586,3708,2641,2592,ns,ns,ns,ns,ns,ns
2105,Kepulauan Riau,Kepulauan Anambas,Sumatera,Kabupaten,105.7513,2.9322,2.43,14.35,26.4951,67.3656,6.1393,31.0437,48.4437,107.0207,102.8842,50983,4537,4561,4410,4204,4262,3819,3723,4023,3641,3304,3037,2386,1946,1420,890,820,ns,LL,ns,ns,ns,ns
2171,Kepulauan Riau,Kota Batam,Sumatera,Kota,104.0345,1.0862,2.13,9.34,25.7914,70.711,3.4976,33.5703,41.4207,101.622,100.6441,1316743,118109,112236,109262,103069,101853,114242,112710,113230,104226,97331,83530,61024,39867,22798,12751,10505,ns,ns,ns,ns,ns,ns
2172,Kepulauan Riau,Kota Tanjung Pinang,Sumatera,Kota,104.4907,0.923,2.07,9.53,23.8997,68.9387,7.1615,30.0226,45.0563,102.031,99.3945,242421,18453,19085,20400,19116,19277,17939,17877,17688,18361,17562,15765,12787,10750,7761,4862,4738,ns,ns,ns,ns,ns,ns
3101,DKI Jakarta,Kepulauan Seribu,Jawa,Kabupaten,106.4925,-5.7968,2.14,10.63,26.4146,68.3836,5.2018,32.8803,46.2339,98.8282,95.3055,29355,2555,2769,2430,2270,2543,2593,2303,2213,2054,1867,1665,1432,1134,749,435,343,LL,LL,LL,ns,ns,ns
3171,DKI Jakarta,Kota Jakarta Selatan,Jawa,Kota,106.8102,-6.2726,1.71,9.13,20.1605,71.7323,8.1071,29.8357,39.4072,100.1085,101.5904,2207857,140767,148618,155731,163369,165819,165689,161843,165378,166918,172823,165454,142436,114018,81059,53461,44474,LL,LL,LL,ns,ns,ns
3172,DKI Jakarta,Kota Jakarta Timur,Jawa,Kota,106.9007,-6.2551,1.81,9.87,21.6244,70.8457,7.5299,30.2731,41.1518,100.0058,100.941,3083988,211805,225833,229255,233590,234188,231546,230553,237333,236494,233512,215623,184025,148010,107257,71884,53080,LL,LL,LL,ns,ns,ns
3173,DKI Jakarta,Kota Jakarta Pusat,Jawa,Kota,106.8357,-6.1807,1.59,8.74,19.0674,71.6231,9.3095,30.1928,39.6198,102.032,105.5716,1032236,60323,66306,70192,73652,78646,78118,75883,79014,77924,76752,74228,67848,57254,42037,29039,25020,LL,LL,LL,ns,ns,ns
3174,DKI Jakarta,Kota Jakarta Barat,Jawa,Kota,106.7485,-6.166,1.82,9.63,21.3413,71.0796,7.5791,30.4085,40.6874,100.5981,101.7812,2494110,172409,176594,183273,186675,186057,184819,187264,200281,201121,193978,171968,144382,116258,84892,57179,46960,LL,LL,LL,ns,ns,ns
3175,DKI Jakarta,Kota Jakarta Utara,Jawa,Kota,106.8692,-6.1293,1.91,9.73,22.2748,70.4271,7.2982,30.3537,41.9909,101.133,102.5418,1822156,130169,137016,138696,137657,134718,134697,137675,146001,145420,141111,123656,101665,80691,60170,40801,32013,LL,LL,LL,ns,ns,ns
3201,Jawa Barat,Bogor,Jawa,Kabupaten,106.7685,-6.5609,2.01,13.67,23.5982,70.6056,5.7962,32.7927,41.6318,104.8274,106.0897,5760944,449696,449892,459893,454799,453624,470936,476486,488123,439537,406609,357819,295491,224126,156950,97517,79446,LL,LL,LL,ns,ns,ns
3202,Jawa Barat,Sukabumi,Jawa,Kabupaten,106.7101,-7.075,2.05,13.87,22.9926,69.0594,7.948,31.8303,44.8029,102.4444,105.405,2875411,223483,217958,219690,227706,234412,235300,225635,219905,200826,185162,173058,153240,130497,98758,66645,63136,ns,ns,ns,ns,ns,ns
3203,Jawa Barat,Cianjur,Jawa,Kabupaten,107.1592,-7.1315,2.24,13.68,24.166,68.264,7.57,31.2106,46.49,104.3153,107.793,2634844,212745,212407,211584,211942,210391,212605,201308,198047,181051,168124,162432,137181,115570,87625,58677,53155,LL,ns,ns,ns,ns,ns
3204,Jawa Barat,Bandung,Jawa,Kabupaten,107.609,-7.0977,2.04,12.82,23.5873,69.6966,6.7161,31.1806,43.4791,103.237,105.0951,3812412,289476,306848,302922,329253,319951,300302,292977,275503,274361,270906,240345,196231,157292,113402,78071,64572,ns,ns,ns,ns,ns,ns
3205,Jawa Barat,Garut,Jawa,Kabupaten,107.7877,-7.3596,2.32,13.56,25.5106,67.8715,6.6178,32.8596,47.3371,104.297,107.7243,2779698,246014,238951,224154,233175,243798,246365,220264,202970,182598,164719,151899,131418,109418,80810,54178,48967,ns,LL,ns,ns,ns,ns
3206,Jawa Barat,Tasikmalaya,Jawa,Kabupaten,108.1417,-7.497,2.17,13.83,22.2012,68.0993,9.6995,30.0665,46.8444,102.1628,106.9474,1946197,149221,145540,137318,149186,156565,153314,142185,133090,128759,120868,122517,115180,103682,77301,53556,57915,ns,ns,ns,HH,ns,ns
3207,Jawa Barat,Ciamis,Jawa,Kabupaten,108.429,-7.2905,2.15,12.95,20.5546,67.0676,12.3778,29.0723,49.1034,99.6563,106.305,1273158,94192,84204,83297,93410,98650,97676,90428,83382,81580,79861,78361,77387,73141,62341,47473,47775,ns,ns,ns,HH,ns,ns
3208,Jawa Barat,Kuningan,Jawa,Kabupaten,108.5598,-7.0032,2.19,12.83,22.4646,67.9948,9.5406,29.3744,47.0701,102.3725,106.1588,1236761,93347,97509,86977,95184,95654,92315,87976,87346,89042,85025,77143,70429,60819,47623,34812,35560,ns,ns,ns,HH,ns,ns
3209,Jawa Barat,Cirebon,Jawa,Kabupaten,108.553,-6.7466,2.12,13.51,23.5942,69.5382,6.8676,31.6806,43.8059,102.2416,105.4868,2438657,197856,202099,175427,173069,177411,197578,197491,200101,192375,179536,153209,126471,98557,74221,51025,42231,ns,ns,ns,ns,ns,ns
3210,Jawa Barat,Majalengka,Jawa,Kabupaten,108.2571,-6.8149,2.1,13.37,21.4285,68.9787,9.5927,29.6926,44.9723,100.2749,103.4225,1374601,103608,96200,94749,99889,104922,104236,100892,98105,102026,99861,91999,78845,67407,54207,39387,38268,ns,ns,ns,HH,ns,ns
3211,Jawa Barat,Sumedang,Jawa,Kabupaten,107.9813,-6.8245,2.03,11.83,21.139,68.0597,10.8013,30.3235,46.9299,101.2008,106.5897,1203722,86339,84561,83555,90402,97927,94129,90615,82340,79954,76759,71778,70669,64676,50910,39601,39507,LL,ns,ns,ns,ns,ns
3212,Jawa Barat,Indramayu,Jawa,Kabupaten,108.1692,-6.4474,2.05,13.83,21.7912,70.3781,7.8307,30.8675,42.0896,100.3661,106.9402,1950316,148550,135807,140640,142417,145153,155074,151823,149964,151038,149333,131188,109585,87021,68332,46029,38362,ns,ns,ns,HH,ns,ns
3213,Jawa Barat,Subang,Jawa,Kabupaten,107.7317,-6.4849,2.09,13.03,21.2034,69.0713,9.7253,29.9155,44.7779,99.8208,101.6293,1687343,128526,115218,114030,120411,126428,130412,128762,119175,123449,116992,112639,101676,85526,66667,46785,50647,LL,ns,ns,ns,ns,ns
3214,Jawa Barat,Purwakarta,Jawa,Kabupaten,107.4307,-6.595,2.25,13.08,24.1586,68.9605,6.8809,31.6764,45.0105,102.6012,104.2616,1075243,91066,84872,83826,84208,85289,85772,85811,83726,77150,72591,65693,57197,44056,31660,21541,20785,LL,ns,ns,ns,ns,ns
3215,Jawa Barat,Karawang,Jawa,Kabupaten,107.3543,-6.2522,2.02,12.92,22.7716,70.3884,6.84,31.7943,42.0688,101.7176,103.9977,2607281,201007,193403,199310,198267,193712,202191,218201,214863,198432,190096,168119,142347,108996,80039,50868,47430,LL,LL,ns,ns,ns,ns
3216,Jawa Barat,Bekasi,Jawa,Kabupaten,107.1216,-6.2194,1.93,11.38,23.5062,71.5698,4.9241,31.1805,39.7238,102.1176,99.6901,3331400,254970,269855,258260,259231,229752,235255,271243,302498,292236,271328,225263,175665,121804,78909,47208,37923,LL,LL,LL,ns,ns,ns
3217,Jawa Barat,Bandung Barat,Jawa,Kabupaten,107.4149,-6.8905,2.16,13.2,23.44,69.1853,7.3748,31.43,44.5395,103.6461,105.8841,1931072,154626,150221,147796,152434,158716,154770,152315,141135,139137,132689,120865,101229,82727,60528,41931,39953,ns,ns,ns,ns,ns,ns
3218,Jawa Barat,Pangandaran,Jawa,Kabupaten,108.5192,-7.6358,2.12,13.21,20.5119,67.481,12.0071,28.9212,48.1898,99.5357,105.2091,438741,32370,29669,27955,31408,32193,32802,31757,30137,27980,27427,28260,27983,26120,21585,15505,15590,ns,ns,ns,HH,ns,ns
3271,Jawa Barat,Kota Bogor,Jawa,Kota,106.8005,-6.5942,1.87,11.01,22.0937,70.203,7.7033,31.142,42.4441,102.2624,104.6123,1089179,76435,82936,81269,85268,85111,83870,85476,84735,80724,77844,70755,61570,49283,36874,25709,21320,LL,LL,LL,ns,ns,ns
3272,Jawa Barat,Kota Sukabumi,Jawa,Kota,106.924,-6.9398,2.1,12.89,23.5851,68.5671,7.8478,31.287,45.8426,100.7258,102.0617,375584,29556,30906,28120,29088,29914,29841,29485,28269,27130,25229,21885,19850,16836,12508,9037,7930,ns,ns,ns,ns,ns,ns
3273,Jawa Barat,Kota Bandung,Jawa,Kota,107.637,-6.9193,1.82,9.87,20.7176,70.5647,8.7176,31.3004,41.7138,100.3675,101.7128,2569102,176881,180638,174738,191914,209360,208531,198630,187617,186634,187927,168923,149090,124254,93992,68703,61270,ns,ns,ns,ns,ns,ns
3274,Jawa Barat,Kota Cirebon,Jawa,Kota,108.5536,-6.7416,2.01,12.27,22.4285,69.3434,8.2281,31.201,44.2099,100.6418,105.721,350130,25861,27924,24744,26780,27873,28413,27054,25904,25102,24820,21842,19200,15804,12311,9052,7446,ns,ns,ns,ns,ns,ns
3275,Jawa Barat,Kota Bekasi,Jawa,Kota,106.9752,-6.2805,1.84,9.71,21.7591,71.038,7.203,31.025,40.7698,100.4821,101.9459,2652952,193065,196385,187808,201125,193288,194070,211887,223834,210671,198102,173102,151534,126990,93321,58816,38954,LL,LL,LL,ns,ns,ns
3276,Jawa Barat,Kota Depok,Jawa,Kota,106.8171,-6.3964,1.98,10.31,22.5839,70.6378,6.7783,29.8186,41.5673,100.8753,101.1666,2173248,161672,167979,161153,171260,159789,152144,162216,173883,171375,169328,150874,126407,97858,68104,44337,34869,LL,LL,LL,ns,ns,ns
3277,Jawa Barat,Kota Cimahi,Jawa,Kota,107.5436,-6.8866,2.03,10.82,21.4971,71.0565,7.4465,31.7838,40.7332,101.4331,104.4079,613954,46862,43259,41861,46408,49422,50342,49989,45385,43957,45367,41445,35704,28235,20246,13871,11601,ns,LL,ns,ns,ns,ns
3278,Jawa Barat,Kota Tasikmalaya,Jawa,Kota,108.2193,-7.3604,2.14,11.86,23.3706,68.522,8.1074,31.1766,45.9385,102.0956,103.4807,767854,61294,62115,56043,60539,61619,60597,59532,57643,54285,50998,46185,40141,34610,26059,18776,17418,ns,ns,ns,HH,ns,ns
3279,Jawa Barat,Kota Banjar,Jawa,Kota,108.567,-7.3763,2.15,13.29,22.1754,67.7982,10.0264,31.1476,47.4966,100.6768,106.3436,214084,16908,16292,14274,15281,16677,17220,17120,15665,14915,13386,12178,11599,11104,8884,6556,6025,ns,ns,ns,HH,ns,ns
3301,Jawa Tengah,Cilacap,Jawa,Kabupaten,108.89,-7.4749,2.12,11.72,21.5168,68.5972,9.8859,29.8875,45.7785,101.2193,107.2959,2064810,156985,141373,145924,149563,148335,157094,155914,155777,149551,137927,134238,121811,106192,82149,60364,61613,ns,ns,ns,HH,ns,ns
3302,Jawa Tengah,Banyumas,Jawa,Kabupaten,109.1756,-7.4558,2.13,11.96,21.464,68.2762,10.2598,28.8862,46.464,101.0268,105.8931,1883070,138368,135093,130721,135433,138086,139073,134430,132358,133600,133431,129887,113292,96098,75605,57291,60304,ns,ns,ns,HH,ns,ns
3303,Jawa Tengah,Purbalingga,Jawa,Kabupaten,109.4066,-7.3226,2.17,12.73,22.396,68.0303,9.5736,29.5584,46.9933,102.3163,105.9691,1057643,81355,79098,76417,79511,79530,79093,77711,76288,76483,74131,68597,58570,49604,39186,29207,32862,ns,ns,ns,HH,ns,ns
3304,Jawa Tengah,Banjarnegara,Jawa,Kabupaten,109.6572,-7.3511,2.2,11.79,21.9905,67.9792,10.0303,29.5791,47.1038,102.7078,106.9434,1077335,83354,76327,77230,78011,77602,77714,82638,80712,79313,73640,68451,61471,52812,42919,31410,33731,ns,ns,ns,HH,ns,ns
3305,Jawa Tengah,Kebumen,Jawa,Kabupaten,109.6177,-7.6553,2.16,10.91,21.8471,67.8399,10.313,30.8865,47.4058,102.8129,109.6432,1448563,112590,105010,98869,103936,107849,116869,113487,109205,97835,90872,86243,82438,73970,59873,43761,45756,ns,LL,ns,HH,LL,ns
3306,Jawa Tengah,Purworejo,Jawa,Kabupaten,109.9658,-7.7008,2.08,10.17,20.1678,67.4657,12.3665,29.0289,48.2235,100.3424,108.4871,808153,57177,53521,52289,55454,58054,61146,59028,56370,52079,51197,50715,52614,48569,40227,28905,30808,LL,LL,ns,HH,LL,ns
3307,Jawa Tengah,Wonosobo,Jawa,Kabupaten,109.9077,-7.4158,2.21,12.87,22.2759,68.4081,9.316,29.9507,46.1815,103.4966,107.1657,941526,74211,69755,65767,67121,68080,71335,73036,69543,65364,64606,61873,56599,46523,36093,26378,25242,LL,LL,ns,HH,LL,ns
3308,Jawa Tengah,Magelang,Jawa,Kabupaten,110.2472,-7.5014,2.06,12.37,20.9169,68.5441,10.539,28.9844,45.8916,100.8199,105.1091,1362099,98343,93899,92667,97793,97583,101336,100372,95505,93200,94803,92632,87607,72807,58071,42251,43230,LL,LL,ns,HH,LL,LL
3309,Jawa Tengah,Boyolali,Jawa,Kabupaten,110.6526,-7.416,2.1,10.07,21.6067,67.6308,10.7625,28.9721,47.8616,100.6665,103.6953,1118557,82392,80897,78394,80957,81197,82195,80529,80148,79764,76501,71212,66397,57589,47185,34276,38924,LL,LL,ns,HH,LL,LL
3310,Jawa Tengah,Klaten,Jawa,Kabupaten,110.6192,-7.6858,1.92,10.4,19.7113,68.7215,11.5672,27.9208,45.5148,98.8929,104.0632,1308775,85272,86938,85766,92189,94241,91002,89255,90922,96172,95908,90385,85327,74009,59212,43981,48196,LL,LL,ns,HH,LL,LL
3311,Jawa Tengah,Sukoharjo,Jawa,Kabupaten,110.8342,-7.6811,1.97,9.65,20.2392,69.5409,10.2198,28.7185,43.8002,99.6956,103.4663,959018,65513,63537,65048,70464,71197,68354,68485,67380,70303,71955,66230,60759,51783,39812,28580,29618,LL,LL,ns,HH,LL,LL
3312,Jawa Tengah,Wonogiri,Jawa,Kabupaten,110.9998,-7.9192,1.89,10.33,17.6731,67.026,15.3009,27.5836,49.1958,99.4148,107.8897,1059766,65455,60846,60992,67633,76339,76774,71595,67614,68677,69377,72114,73622,66574,58997,46456,56701,LL,LL,ns,HH,LL,LL
3313,Jawa Tengah,Karanganyar,Jawa,Kabupaten,111.0249,-7.6164,1.91,10.53,20.778,68.2918,10.9302,28.062,46.4304,99.1731,102.3366,974825,63954,70235,68360,69628,69789,67728,67968,68070,72632,71902,65948,60871,51190,41892,30306,34352,LL,LL,ns,HH,LL,LL
3314,Jawa Tengah,Sragen,Jawa,Kabupaten,110.9744,-7.3855,2.02,10.95,20.2827,68.1564,11.5609,27.9063,46.7214,99.1591,104.363,1018657,69649,67866,69096,74876,74140,71719,69105,69305,75955,74773,67643,62866,53898,46013,34300,37453,LL,LL,ns,HH,LL,LL
3315,Jawa Tengah,Grobogan,Jawa,Kabupaten,110.9273,-7.1175,2.16,11.99,22.1421,68.1146,9.7433,29.8971,46.8113,100.4652,105.6331,1531863,118493,114898,105795,108824,110300,115668,114906,117108,105862,101382,95135,91771,82467,63097,41933,44224,LL,LL,ns,HH,LL,LL
3316,Jawa Tengah,Blora,Jawa,Kabupaten,111.3875,-7.0747,1.99,13.0,19.1215,69.4904,11.3881,28.9301,43.9048,99.8914,104.7057,920104,63856,54972,57110,62703,67772,67195,65383,65837,65031,67259,63557,60067,54580,44006,31709,29067,LL,LL,ns,HH,LL,ns
3317,Jawa Tengah,Rembang,Jawa,Kabupaten,111.4618,-6.7751,2.0,12.81,20.7884,68.9668,10.2447,29.3115,44.9972,100.8343,103.9286,674717,47881,47819,44563,44915,48242,48986,49336,51206,48793,49853,46321,41556,36123,29382,20436,19305,LL,LL,ns,HH,LL,ns
3318,Jawa Tengah,Pati,Jawa,Kabupaten,111.0427,-6.7425,1.88,11.05,20.125,69.3124,10.5626,28.9904,44.2743,99.7417,103.3623,1392603,92726,94486,93049,93169,97725,101036,102555,102405,101397,103618,96954,89127,77261,62410,41798,42887,ns,LL,ns,HH,ns,ns
3319,Jawa Tengah,Kudus,Jawa,Kabupaten,110.8699,-6.7903,2.03,11.39,22.0582,69.8928,8.0489,29.7679,43.0762,99.3151,103.3394,899832,66227,66311,65949,65876,66575,65630,66124,69532,68669,66696,59771,54950,45095,33630,20876,17921,LL,LL,ns,HH,ns,ns
3320,Jawa Tengah,Jepara,Jawa,Kabupaten,110.784,-6.5836,2.02,10.65,22.1499,69.5467,8.3033,30.2917,43.7882,101.048,103.5189,1255376,93340,93922,90803,92566,93592,94863,95144,96676,94128,91983,84285,71840,57996,43614,29464,31160,LL,LL,ns,HH,ns,ns
3321,Jawa Tengah,Demak,Jawa,Kabupaten,110.634,-6.9106,2.05,11.03,23.0765,69.0312,7.8922,31.1245,44.862,101.6568,106.6081,1276683,97518,100317,96779,94125,94699,98594,101601,102467,93585,87234,79204,71686,58115,44687,28672,27400,LL,LL,ns,HH,ns,LL
3322,Jawa Tengah,Semarang,Jawa,Kabupaten,110.4747,-7.2745,1.97,11.69,21.1399,69.1966,9.6635,29.497,44.5157,98.8701,99.94,1107054,80324,74988,78718,79547,80216,82795,81725,81812,82670,80125,73373,67462,56319,44883,32324,29773,LL,LL,ns,HH,LL,LL
3323,Jawa Tengah,Temanggung,Jawa,Kabupaten,110.1364,-7.2575,2.04,11.73,20.823,68.3875,10.7895,28.3615,46.2255,100.5947,104.4723,827132,57820,56824,57590,59357,59237,58456,58155,58739,55086,57279,56992,55466,46888,37201,27182,24860,LL,LL,ns,HH,ns,ns
3324,Jawa Tengah,Kendal,Jawa,Kabupaten,110.1568,-7.0381,2.01,11.87,21.2908,69.7864,8.9228,30.4151,43.2943,101.2155,104.8656,1087809,79750,73164,78689,77916,78431,79409,84539,88479,82437,77722,69458,65013,55739,43759,29623,23681,LL,LL,ns,HH,LL,LL
3325,Jawa Tengah,Batang,Jawa,Kabupaten,109.8612,-7.0207,2.09,10.64,22.8366,68.6429,8.5205,30.484,45.6814,101.2486,103.5348,855842,66466,65055,63924,60331,61018,63396,67376,69105,63261,57980,53713,49056,42239,31565,22268,19089,ns,ns,ns,HH,ns,ns
3326,Jawa Tengah,Pekalongan,Jawa,Kabupaten,109.6202,-7.0567,2.2,13.42,23.47,68.3718,8.1582,31.5151,46.259,103.3258,108.244,1041335,85295,80793,78313,76462,76771,82411,86122,82874,75831,69317,61514,54183,46495,35795,24258,24901,ns,ns,ns,ns,ns,ns
3327,Jawa Tengah,Pemalang,Jawa,Kabupaten,109.3955,-7.036,2.19,14.05,22.743,68.9346,8.3224,31.5685,45.065,102.494,107.304,1576420,129335,111887,117303,116802,117110,127255,129742,123545,116314,107971,94886,82795,70279,55404,39775,36017,ns,ns,ns,ns,ns,ns
3328,Jawa Tengah,Tegal,Jawa,Kabupaten,109.1588,-7.0289,2.15,13.23,23.4721,68.9908,7.5371,30.5512,44.9468,102.5865,106.0305,1713090,136090,136004,130004,130282,123508,133138,133425,133298,131193,125007,109936,90405,71683,56538,39570,33009,ns,ns,ns,ns,ns,ns
3329,Jawa Tengah,Brebes,Jawa,Kabupaten,108.9299,-7.0632,2.08,14.23,22.7523,69.2918,7.9559,31.5745,44.3173,102.7209,107.2045,2108502,164773,158108,156852,152058,154666,165582,173422,172080,159145,148986,133660,111377,90042,69989,50782,46980,ns,ns,ns,ns,ns,ns
3371,Jawa Tengah,Kota Magelang,Jawa,Kota,110.2204,-7.4771,1.78,9.84,17.9337,70.0398,12.0266,29.7129,42.776,98.5509,107.6066,122903,7639,7062,7340,8746,9729,10174,8902,7713,8001,8552,8541,8171,7552,6002,4462,4317,LL,LL,ns,HH,LL,LL
3372,Jawa Tengah,Kota Surakarta,Jawa,Kota,110.8228,-7.5581,1.77,9.85,19.2203,69.7811,10.9986,29.2039,43.3053,96.8531,102.8002,529966,33432,33674,34755,38043,40776,39607,37774,36614,38080,39150,36598,33898,29276,23857,18040,16392,LL,LL,ns,HH,LL,LL
3373,Jawa Tengah,Kota Salatiga,Jawa,Kota,110.498,-7.3375,2.04,9.37,20.753,69.3977,9.8493,29.6612,44.097,97.4189,100.542,205821,15263,13770,13681,14900,15638,15726,14977,14708,15503,15290,13614,12285,10194,8291,6190,5791,LL,LL,ns,HH,LL,LL
3374,Jawa Tengah,Kota Semarang,Jawa,Kota,110.3914,-7.0242,1.77,9.29,20.2791,70.7665,8.9544,29.8652,41.3099,97.7317,101.6433,1735503,113239,116257,122449,126456,130331,127387,128969,131625,133748,133742,120765,106005,89126,69347,47952,38105,LL,LL,ns,HH,ns,ns
3375,Jawa Tengah,Kota Pekalongan,Jawa,Kota,109.6774,-6.8922,2.19,11.99,22.8019,69.4452,7.7529,30.86,43.9984,101.9379,108.327,327929,26272,24274,24228,24066,25050,25332,25562,25255,24524,23633,20682,18310,15317,11474,8038,5912,ns,ns,ns,HH,ns,ns
3376,Jawa Tengah,Kota Tegal,Jawa,Kota,109.1161,-6.8686,2.18,10.56,22.5361,69.3415,8.1224,29.8477,44.2139,101.4789,106.3765,291687,22774,22175,20786,21530,21761,21756,21952,21593,22451,23111,19861,15775,12470,10158,7478,6056,ns,ns,ns,ns,ns,ns
3401,Daerah Istimewa Yogyakarta,Kulon Progo,Jawa,Kabupaten,110.1666,-7.8188,1.95,9.55,19.4269,66.6243,13.9488,27.5325,50.0953,98.0739,103.8762,449501,28569,29503,29252,30349,31241,31400,31101,30017,29881,30426,29199,29089,26774,22314,16932,23454,LL,LL,ns,HH,LL,LL
3402,Daerah Istimewa Yogyakarta,Bantul,Jawa,Kabupaten,110.3548,-7.9016,1.82,10.52,19.858,68.6633,11.4788,28.3505,45.6382,98.7368,101.4965,1033465,65463,69425,70337,72205,72644,71080,72635,76633,76021,74951,69228,65545,58669,47408,32417,38804,LL,LL,ns,HH,LL,LL
3403,Daerah Istimewa Yogyakarta,Gunung Kidul,Jawa,Kabupaten,110.612,-7.9941,1.91,10.31,18.3569,65.9093,15.7338,26.5077,51.7237,97.6343,105.6621,754056,44843,46452,47126,49117,49835,48994,51236,49818,49560,49986,52009,51312,45126,39692,32133,46817,LL,LL,ns,HH,LL,LL
3404,Daerah Istimewa Yogyakarta,Sleman,Jawa,Kabupaten,110.3832,-7.7166,1.8,10.21,19.7134,69.317,10.9696,29.3899,44.2647,97.8684,101.7536,1190034,76929,77535,80132,83298,88130,90766,85231,85623,85011,86886,81804,74975,63172,50597,36885,43060,LL,LL,ns,HH,LL,LL
3471,Daerah Istimewa Yogyakarta,Kota Yogyakarta,Jawa,Kota,110.3738,-7.8026,1.65,8.59,18.1819,69.8142,12.0039,30.1962,43.2373,94.5225,100.0018,375660,22989,21906,23407,25080,28698,30626,27490,26621,26122,26231,25548,23730,22118,17854,13631,13609,LL,LL,ns,HH,LL,LL
3501,Jawa Timur,Pacitan,Jawa,Kabupaten,111.178,-8.1253,1.79,12.9,17.5819,67.4684,14.9497,27.3172,48.2174,100.9475,108.4576,589357,33809,35434,34377,35918,36943,40308,41615,42130,41246,37050,41006,42617,38797,32550,25090,30467,LL,LL,ns,HH,LL,LL
3502,Jawa Timur,Ponorogo,Jawa,Kabupaten,111.4995,-7.9309,1.89,11.23,18.4756,67.4157,14.1088,26.8748,48.3334,98.9974,105.4686,968994,60648,59474,58905,59107,60216,64014,65937,70248,72487,68201,68671,65540,58833,50711,39021,46981,LL,LL,ns,HH,LL,LL
3503,Jawa Timur,Trenggalek,Jawa,Kabupaten,111.6276,-8.1607,1.89,11.07,18.9331,68.0364,13.0305,27.3269,46.9801,100.1536,102.8647,750476,47134,47311,47643,46918,47227,50045,53863,53947,55202,52265,52290,52449,46391,37653,28447,31691,LL,LL,ns,HH,LL,LL
3504,Jawa Timur,Tulungagung,Jawa,Kabupaten,111.8876,-8.1135,1.95,11.26,19.2475,69.2098,11.5427,27.4159,44.4882,100.0229,104.1339,1125005,73636,70652,72247,75406,76708,78122,75936,77664,84090,85173,83805,76393,65317,50030,39019,40807,LL,LL,ns,HH,LL,ns
3505,Jawa Timur,Blitar,Jawa,Kabupaten,112.2361,-8.1305,1.98,11.16,19.8291,68.6687,11.5022,28.0393,45.6267,100.7856,105.1894,1282970,86001,79802,88598,88939,89996,88344,89350,92046,95602,90393,89575,83159,73595,57668,43889,46013,LL,LL,ns,HH,LL,ns
3506,Jawa Timur,Kediri,Jawa,Kabupaten,112.0864,-7.8285,2.09,11.84,20.8216,68.7437,10.4347,28.5237,45.4678,101.7246,107.0301,1714171,122933,116010,117974,118493,123746,126412,119625,119162,126152,122602,117198,108730,96265,72270,50423,56176,LL,LL,ns,HH,LL,ns
3507,Jawa Timur,Malang,Jawa,Kabupaten,112.6406,-8.1205,2.08,11.11,20.6395,68.9919,10.3686,28.5979,44.9445,100.7352,105.455,2774002,198425,177903,196212,194817,191007,196632,200142,205524,207261,204615,188439,173890,151510,119772,84039,83814,LL,ns,ns,HH,LL,LL
3508,Jawa Timur,Lumajang,Jawa,Kabupaten,113.1385,-8.1254,1.93,13.21,20.0323,68.3928,11.5749,29.142,46.2142,97.6388,103.578,1158367,78771,77787,75489,77822,84335,85572,84020,83644,79952,80893,78291,73008,64703,54079,38824,41177,LL,ns,ns,HH,LL,LL
3509,Jawa Timur,Jember,Jawa,Kabupaten,113.6635,-8.2296,2.0,14.16,20.2073,69.2272,10.5655,29.8885,44.452,99.1033,103.7365,2635737,189716,163317,179579,184519,193449,195805,200088,198440,186701,183555,178741,164142,139206,109651,82044,86784,LL,ns,ns,HH,LL,LL
3510,Jawa Timur,Banyuwangi,Jawa,Kabupaten,114.2061,-8.3648,2.02,14.78,20.3147,68.5079,11.1774,28.2839,45.9687,99.7253,105.0581,1774328,122195,119078,119177,122722,127185,127812,125619,121233,120023,128047,127691,115962,99260,76928,55599,65797,LL,ns,ns,HH,LL,LL
3511,Jawa Timur,Bondowoso,Jawa,Kabupaten,113.9476,-7.9435,2.0,16.74,20.2422,67.7195,12.0384,28.701,47.6681,97.2688,100.0,800132,56564,54870,50530,51748,56643,58081,57880,57042,54812,56723,53792,51633,43491,36818,26770,32735,LL,ns,ns,HH,LL,LL
3512,Jawa Timur,Situbondo,Jawa,Kabupaten,114.0512,-7.8014,1.99,16.44,19.2461,68.6587,12.0952,28.45,45.6479,96.5898,100.3543,707572,49405,43606,43169,45516,49441,49997,50519,51347,50469,52665,49681,46212,39963,32972,24834,27776,ns,ns,ns,HH,LL,LL
3513,Jawa Timur,Probolinggo,Jawa,Kabupaten,113.3198,-7.8664,2.02,15.07,21.6219,68.3928,9.9853,29.0891,46.2143,97.3749,100.6404,1200981,85725,87870,86080,85302,85358,88794,86890,88313,82039,86269,81631,74282,62506,48378,35435,36109,LL,ns,ns,HH,ns,LL
3514,Jawa Timur,Pasuruan,Jawa,Kabupaten,112.8313,-7.7424,1.9,13.48,21.2125,69.9345,8.853,30.04,42.991,99.9286,104.789,1681022,115514,118108,122965,119841,119940,125249,129635,130155,124109,123925,113699,103178,85883,66174,43175,39472,LL,ns,ns,ns,ns,ns
3515,Jawa Timur,Sidoarjo,Jawa,Kabupaten,112.6994,-7.4515,1.82,10.48,20.5023,71.5683,7.9294,29.9387,39.7267,100.6816,104.281,2215288,147248,147539,159398,164705,162099,162437,171095,167598,169141,168994,162703,144499,112173,81181,52544,41934,LL,LL,ns,ns,ns,ns
3516,Jawa Timur,Mojokerto,Jawa,Kabupaten,112.4836,-7.5493,1.93,12.06,21.4179,69.3515,9.2306,28.9579,44.1929,100.9271,104.1643,1170760,79311,86964,84477,83362,81795,82185,87990,87057,85839,82081,81242,76726,63663,47190,31038,29840,LL,LL,ns,ns,ns,ns
3517,Jawa Timur,Jombang,Jawa,Kabupaten,112.2644,-7.5443,2.08,13.03,21.4741,69.0462,9.4797,29.1231,44.8306,101.4585,106.4797,1384556,99971,97194,100156,101048,102638,99763,100036,100789,102656,98920,91988,85208,72937,55542,37731,37979,LL,LL,ns,HH,LL,ns
3518,Jawa Timur,Nganjuk,Jawa,Kabupaten,111.9381,-7.5977,2.0,13.11,20.3214,68.7112,10.9674,28.0041,45.5366,100.8064,105.4072,1145155,77270,76061,79380,81047,79236,81629,78431,81394,84807,84507,78915,72536,64348,50365,35148,40081,LL,LL,ns,HH,LL,LL
3519,Jawa Timur,Madiun,Jawa,Kabupaten,111.6457,-7.6239,2.0,12.89,18.9187,67.5566,13.5248,25.9591,48.0241,97.6581,104.2512,763828,49108,47430,47968,48592,48088,48764,50329,51102,55026,57869,55432,53313,47501,40120,30044,33142,LL,LL,ns,HH,LL,LL
3520,Jawa Timur,Magetan,Jawa,Kabupaten,111.3572,-7.6632,1.96,11.04,19.3633,66.1342,14.5025,26.3851,51.2076,96.6569,103.2196,692785,44297,45076,44773,44599,44496,46058,45853,46385,49204,50822,46707,43940,40104,36848,29555,34068,LL,LL,ns,HH,LL,LL
3521,Jawa Timur,Ngawi,Jawa,Kabupaten,111.3432,-7.439,1.87,11.54,18.9723,67.3885,13.6392,27.0255,48.3932,97.8305,102.0972,889988,55609,56359,56883,58452,59377,61346,58962,60839,62721,63640,60210,59564,54639,47629,36917,36841,LL,LL,ns,HH,LL,LL
3522,Jawa Timur,Bojonegoro,Jawa,Kabupaten,111.8098,-7.2557,1.77,12.5,19.2527,69.3009,11.4464,27.8902,44.2984,100.398,103.1613,1335288,80966,88362,87751,88120,87925,91384,96327,96779,97548,100894,95240,90804,80345,64040,45282,43521,LL,ns,ns,HH,LL,LL
3523,Jawa Timur,Tuban,Jawa,Kabupaten,111.8926,-6.9535,1.81,11.98,19.3172,69.5418,11.141,28.6478,43.7985,99.4949,103.1947,1237088,78769,75795,84407,83541,80609,86673,91489,95627,92803,93501,86516,79166,70368,58269,40508,39047,LL,ns,ns,HH,LL,ns
3524,Jawa Timur,Lamongan,Jawa,Kabupaten,112.3006,-7.1314,1.88,11.78,19.6246,68.7459,11.6294,28.9202,45.4631,99.8475,104.6564,1394222,92479,91291,89841,89659,94988,102085,105948,100191,96199,98687,98972,90894,80848,66945,47291,47904,LL,LL,ns,HH,LL,ns
3525,Jawa Timur,Gresik,Jawa,Kabupaten,112.5393,-7.1391,1.93,13.57,21.2746,70.4757,8.2497,29.6135,41.8928,101.2284,103.3239,1390172,96981,96795,101977,102582,102468,100685,104776,103749,105964,108746,99017,84294,67453,51294,34439,28952,LL,LL,ns,HH,ns,LL
3526,Jawa Timur,Bangkalan,Jawa,Kabupaten,112.9295,-7.0447,2.07,16.1,21.7359,70.0317,8.2324,33.3545,42.7924,97.7704,103.5445,1123061,92460,70326,81321,87075,88554,92792,95239,98006,82720,73901,63216,55975,49021,38296,26682,27477,LL,ns,ns,ns,ns,LL
3527,Jawa Timur,Sampang,Jawa,Kabupaten,113.2561,-7.052,2.25,15.44,24.3904,67.9978,7.6117,32.8609,47.0635,98.7737,102.4414,1038386,93846,82879,76542,70748,68932,87634,92298,92359,75399,69975,56567,50474,41694,32656,22548,23835,LL,ns,ns,HH,ns,LL
3528,Jawa Timur,Pamekasan,Jawa,Kabupaten,113.5042,-7.0649,2.12,15.44,22.8927,68.6021,8.5051,30.4653,45.7681,96.9529,101.8525,901666,71714,70574,64128,62506,63287,72845,68843,69720,63810,66948,58316,50149,42138,30966,22456,23266,LL,ns,ns,HH,ns,LL
3529,Jawa Timur,Sumenep,Jawa,Kabupaten,113.8205,-6.9904,2.1,15.28,19.5219,68.4779,12.0002,28.018,46.0325,94.1912,98.9161,1165227,84712,71715,71048,73155,77158,81185,80703,87427,81450,88537,83838,78315,66155,54206,39555,46068,ns,ns,ns,HH,ns,LL
3571,Jawa Timur,Kota Kediri,Jawa,Kota,112.016,-7.8263,1.98,10.1,21.0588,69.4048,9.5364,30.2224,44.0823,100.6313,107.6471,304129,21205,21101,21740,22516,25554,24801,21355,20205,22100,21926,19275,17796,15552,12347,8630,8026,LL,LL,ns,HH,LL,ns
3572,Jawa Timur,Kota Blitar,Jawa,Kota,112.1677,-8.0946,1.9,11.62,20.8157,69.3184,9.866,29.3811,44.2619,98.1626,99.72,157785,10888,10861,11095,11466,11808,11691,11364,11496,12148,11491,10292,9526,8092,6355,4662,4550,LL,LL,ns,HH,LL,ns
3573,Jawa Timur,Kota Malang,Jawa,Kota,112.6362,-7.9786,1.81,10.77,20.643,69.5282,9.8288,29.8604,43.8265,98.5777,103.2794,886820,58726,60329,64011,63848,63833,66677,66531,67767,67319,64718,57880,52570,45447,36083,25913,25168,LL,ns,ns,HH,LL,ns
3574,Jawa Timur,Kota Probolinggo,Jawa,Kota,113.2054,-7.774,2.03,13.97,22.8441,68.7354,8.4205,30.0473,45.4855,98.5671,102.1326,254569,18870,20260,19024,18691,19434,19506,19101,18450,18223,17845,16594,15030,12105,9195,6297,5944,LL,ns,ns,HH,ns,LL
3575,Jawa Timur,Kota Pasuruan,Jawa,Kota,112.9094,-7.6498,2.1,12.29,23.578,68.6216,7.8004,30.6135,45.7267,100.0062,105.2779,225257,17332,18198,17581,16934,17016,17372,17570,17001,16604,15778,13741,12072,10487,7925,5396,4250,LL,ns,ns,HH,LL,LL
3576,Jawa Timur,Kota Mojokerto,Jawa,Kota,112.4374,-7.4721,1.87,10.04,21.3779,69.3199,9.3022,29.4685,44.2587,98.0046,103.2058,139817,9294,10238,10358,10592,10440,9726,10467,10569,10673,10098,9161,8196,6999,5588,3989,3429,LL,LL,ns,HH,LL,ns
3577,Jawa Timur,Kota Madiun,Jawa,Kota,111.5266,-7.6286,1.83,10.39,19.1476,69.0487,11.8038,29.0654,44.8253,95.8879,102.367,205316,13354,13232,12727,13634,15422,15557,14751,13946,14607,15575,14006,12929,11341,9358,7329,7548,LL,LL,ns,HH,LL,LL
3578,Jawa Timur,Kota Surabaya,Jawa,Kota,112.723,-7.2746,1.7,9.95,20.3444,70.5131,9.1425,29.5303,41.8176,97.7969,101.5373,2940265,181427,198233,218519,222924,218386,211769,218265,219849,225855,225811,206487,178949,144977,112866,82219,73729,LL,LL,ns,ns,ns,LL
3579,Jawa Timur,Kota Batu,Jawa,Kota,112.5337,-7.8346,1.94,11.08,21.3951,69.1853,9.4196,29.8679,44.5395,101.1175,103.6935,227482,15935,16759,15976,15416,15680,16766,17983,17515,17083,16266,14855,13960,11860,9238,6221,5969,LL,LL,ns,HH,LL,ns
3601,Banten,Pandeglang,Jawa,Kabupaten,105.7693,-6.5886,2.21,17.31,24.5388,68.8862,6.575,32.4408,45.167,104.7076,110.2295,1350503,110487,107558,113352,115784,115569,117122,106334,99089,93992,85388,76628,64069,56335,39863,27091,21842,ns,ns,ns,ns,ns,ns
3602,Banten,Lebak,Jawa,Kabupaten,106.2127,-6.642,2.16,17.18,24.8818,68.7725,6.3458,32.6992,45.407,105.4574,109.4315,1478091,118915,124729,124131,122474,124753,127841,115513,115217,105769,94513,81029,72155,57256,43408,26977,23411,ns,ns,ns,ns,ns,ns
3603,Banten,Tangerang,Jawa,Kabupaten,106.5194,-6.174,1.86,11.09,23.8391,71.1734,4.9875,32.5805,40.5019,103.7874,103.3493,3468939,258924,277837,290203,269948,263781,275982,295408,295026,277045,259227,226248,178347,127951,84291,51806,36915,LL,LL,LL,ns,ns,ns
3604,Banten,Serang,Jawa,Kabupaten,106.1476,-6.1446,2.12,13.9,24.6379,69.4546,5.9075,33.5064,43.9789,103.9239,106.7505,1738298,144569,141494,142217,133480,139348,151696,145441,145956,128720,115868,99471,82711,64637,46997,30703,24990,LL,ns,ns,ns,ns,ns
3671,Banten,Kota Tangerang,Jawa,Kota,106.6518,-6.1843,1.83,10.4,23.0142,70.4481,6.5377,30.1763,41.9485,101.165,101.3583,1979289,137731,161443,156344,149197,142308,142799,154368,157802,162852,155600,134539,108228,86678,61906,41435,26059,LL,LL,LL,ns,ns,ns
3672,Banten,Kota Cilegon,Jawa,Kota,106.019,-5.9996,2.05,11.89,25.7347,68.652,5.6133,31.1659,45.6622,102.3327,101.1925,464999,36711,43685,39270,36428,33412,36634,37544,37331,34928,31657,28798,23725,18774,12835,8048,5219,ns,LL,ns,ns,ns,ns
3673,Banten,Kota Serang,Jawa,Kota,106.1671,-6.1231,2.06,12.2,25.4855,69.6709,4.8436,33.609,43.532,103.9275,104.903,756145,61353,64689,66665,62727,61772,65547,64481,62333,54577,49519,43611,35467,26779,17863,11438,7324,LL,ns,ns,ns,ns,ns
3674,Banten,Kota Tangerang Selatan,Jawa,Kota,106.7076,-6.3028,1.71,9.6,21.3236,71.2345,7.4419,29.8742,40.3814,99.0732,100.2132,1405035,91644,99197,108763,109117,103938,103082,105630,107093,110813,107520,99572,84243,69862,49433,33120,22008,LL,LL,LL,ns,ns,ns
5101,Bali,Jembrana,Bali & Nusa Tenggara,Kabupaten,114.6825,-8.3132,2.14,11.54,21.3999,68.3336,10.2665,28.6992,46.3408,100.2484,104.916,329703,24261,23451,22844,23559,23973,23332,23628,23689,23369,23399,21925,19816,18608,14304,9491,10054,LL,LL,ns,HH,LL,ns
5102,Bali,Tabanan,Bali & Nusa Tenggara,Kabupaten,115.0782,-8.4301,1.8,11.12,17.7093,68.4266,13.8641,27.4472,46.142,98.3684,99.0352,470510,28774,28497,26053,28285,31457,33929,32656,31100,30592,31152,34388,36306,32089,25528,18393,21311,LL,LL,ns,HH,LL,ns
5103,Bali,Badung,Bali & Nusa Tenggara,Kabupaten,115.1884,-8.5837,1.86,10.19,19.3966,71.4894,9.114,30.3386,39.8809,100.5263,104.3965,578791,40093,37214,34959,40548,45019,47015,43454,40109,39682,43081,43787,40078,31001,21302,14562,16887,LL,LL,ns,HH,LL,ns
5104,Bali,Gianyar,Bali & Nusa Tenggara,Kabupaten,115.2875,-8.4817,1.89,10.15,19.2507,69.6197,11.1296,28.939,43.6375,98.3486,99.5627,533046,36270,34609,31736,35622,38657,39509,39823,36269,36007,40066,40433,35773,28946,22282,16663,20381,LL,LL,ns,HH,LL,ns
5105,Bali,Klungkung,Bali & Nusa Tenggara,Kabupaten,115.5417,-8.7402,2.15,12.9,20.8153,67.5994,11.5854,28.2915,47.9304,100.6965,109.1586,210360,15141,14807,13839,14960,15288,14877,14952,14397,14842,15395,13738,12359,11394,9014,6993,8364,LL,LL,ns,HH,LL,ns
5106,Bali,Bangli,Bali & Nusa Tenggara,Kabupaten,115.3469,-8.2935,2.12,13.58,20.4768,68.3205,11.2027,29.1179,46.3689,101.0312,105.9787,263972,19684,16769,17600,19027,19491,18844,18994,19534,19556,19685,18016,14426,12774,11211,8204,10157,LL,LL,ns,HH,LL,ns
5107,Bali,Karangasem,Bali & Nusa Tenggara,Kabupaten,115.5302,-8.3742,2.29,14.7,22.9466,66.8947,10.1588,28.7484,49.4888,99.2988,100.0906,506755,40656,37296,38331,40803,36820,33665,35718,39481,38522,36077,31132,24476,22298,19022,14729,17729,LL,LL,ns,HH,LL,ns
5108,Bali,Buleleng,Bali & Nusa Tenggara,Kabupaten,114.9623,-8.201,2.21,11.59,22.2752,68.0476,9.6772,30.1606,46.956,100.5371,104.8484,825944,65849,58439,59693,62441,63890,61063,61459,62698,60069,56813,48127,45220,40255,32325,22921,24682,LL,LL,ns,HH,LL,ns
5171,Bali,Kota Denpasar,Bali & Nusa Tenggara,Kota,115.2204,-8.664,1.84,9.9,19.9732,72.0696,7.9572,30.2958,38.7548,102.0447,104.8311,769162,52396,50468,50762,56112,56480,59243,59256,58045,57405,59437,56435,51499,40420,27191,18129,15884,LL,LL,ns,HH,LL,ns
5201,Nusa Tenggara Barat,Lombok Barat,Bali & Nusa Tenggara,Kabupaten,116.0945,-8.6651,2.27,21.59,26.603,67.6486,5.7483,31.217,47.8227,101.1653,102.2797,787339,68380,69046,72030,59429,55652,60378,65096,64658,59614,55534,46823,37620,27820,19772,12775,12712,ns,ns,ns,ns,ns,ns
5202,Nusa Tenggara Barat,Lombok Tengah,Bali & Nusa Tenggara,Kabupaten,116.2901,-8.7226,2.3,22.83,25.289,68.4296,6.2814,31.197,46.1356,102.6546,107.3391,1149627,98284,88384,104061,87729,81503,90450,93699,92997,87284,82976,69116,58186,42745,32406,20431,19376,ns,ns,ns,ns,ns,ns
5203,Nusa Tenggara Barat,Lombok Timur,Bali & Nusa Tenggara,Kabupaten,116.529,-8.5341,2.38,22.13,27.7556,66.5277,5.7167,30.4877,50.3134,102.3493,104.8831,1460017,128746,141601,134890,115341,110480,109591,111568,113486,109571,99671,84906,65438,51263,35919,25214,22332,ns,ns,ns,ns,ns,ns
5204,Nusa Tenggara Barat,Sumbawa,Bali & Nusa Tenggara,Kabupaten,117.4792,-8.7328,2.41,19.55,24.787,67.7472,7.4658,30.5609,47.6076,98.1398,101.1017,550684,49423,41065,46010,42129,42532,43685,41610,40467,39914,36951,33909,27728,24148,17311,12182,11620,ns,ns,ns,ns,ns,ns
5205,Nusa Tenggara Barat,Dompu,Bali & Nusa Tenggara,Kabupaten,118.2176,-8.4728,2.7,24.74,27.0533,66.4825,6.4641,30.5722,50.4154,101.0592,104.1485,258349,25553,21815,22524,22545,19200,21054,20203,18526,18018,16017,14694,11889,9611,7454,4722,4524,HH,ns,HH,ns,ns,ns
5206,Nusa Tenggara Barat,Bima,Bali & Nusa Tenggara,Kabupaten,118.7718,-8.5648,2.6,22.85,25.6922,67.0165,7.2913,32.6835,49.217,100.8687,104.0665,559349,54814,45130,43765,47077,49577,49480,43732,40026,35829,32584,30447,25419,20685,16882,11851,12051,HH,ns,HH,ns,ns,ns
5207,Nusa Tenggara Barat,Sumbawa Barat,Bali & Nusa Tenggara,Kabupaten,116.9146,-8.8313,2.65,20.19,28.2974,66.1169,5.5857,28.5892,51.2473,100.6892,103.8415,160732,14524,15040,15919,13230,11673,11252,11609,11418,11707,11662,10220,7603,5897,3766,2655,2557,ns,ns,ns,ns,ns,ns
5208,Nusa Tenggara Barat,Lombok Utara,Bali & Nusa Tenggara,Kabupaten,116.2854,-8.3486,2.43,25.58,27.6004,66.8948,5.5049,31.4056,49.4886,100.6578,102.1362,268761,24442,25357,24380,20907,20357,20927,21200,21922,19823,17077,15450,12597,9527,6474,4133,4188,ns,ns,ns,ns,ns,ns
5271,Nusa Tenggara Barat,Kota Mataram,Bali & Nusa Tenggara,Kota,116.1107,-8.5902,2.11,11.66,25.6853,67.6276,6.6871,29.9792,47.8686,99.1311,103.2047,452410,35159,40180,40864,36728,34496,35042,32842,33249,32241,30426,28080,23336,19514,12981,9241,8031,ns,ns,ns,ns,ns,ns
5272,Nusa Tenggara Barat,Kota Bima,Bali & Nusa Tenggara,Kota,118.7823,-8.4551,2.32,19.0,27.0249,66.3763,6.5988,30.0595,50.6562,98.4039,98.7489,168060,14377,16164,14877,13679,12182,12708,12861,12767,11966,10813,9780,8107,6689,4685,3364,3041,HH,HH,HH,ns,ns,ns
5301,Nusa Tenggara Timur,Sumba Barat,Bali & Nusa Tenggara,Kabupaten,119.3831,-9.6414,3.09,22.63,31.6441,62.9785,5.3773,32.4195,58.7842,104.3792,107.2272,160172,17591,18243,14851,14444,13839,14033,12833,11222,9198,8334,7004,5665,4302,3445,2443,2725,HH,HH,HH,ns,ns,ns
5302,Nusa Tenggara Timur,Sumba Timur,Bali & Nusa Tenggara,Kabupaten,120.2546,-9.8773,2.79,22.03,31.1335,62.5149,6.3517,29.9904,59.962,104.8026,106.6648,266655,25695,30121,27203,23167,19306,21159,21051,18455,16518,14906,12979,10583,8575,6718,5115,5104,HH,HH,HH,ns,ns,ns
5303,Nusa Tenggara Timur,Kupang,Bali & Nusa Tenggara,Kabupaten,123.8831,-9.9012,2.84,31.74,25.8088,67.0682,7.123,32.8798,49.102,102.3606,105.4337,386353,41245,27998,30470,30525,33610,31394,31229,30799,27146,22830,19846,16679,15062,11836,7881,7803,HH,ns,HH,ns,ns,LL
5304,Nusa Tenggara Timur,Timor Tengah Selatan,Bali & Nusa Tenggara,Kabupaten,124.3964,-9.8296,2.95,22.71,27.1967,64.8246,7.9787,30.1844,54.2625,98.3218,99.3352,494692,50960,39535,44045,47789,42491,38621,37068,31140,29487,27227,24915,22334,19610,15884,10989,12597,HH,ns,HH,ns,ns,LL
5305,Nusa Tenggara Timur,Timor Tengah Utara,Bali & Nusa Tenggara,Kabupaten,124.5688,-9.3778,2.75,24.27,28.6756,63.9407,7.3837,30.9027,56.3948,100.8342,104.6497,283855,27238,27105,27054,24301,24578,22702,22013,18426,17359,15387,13457,12659,10617,8303,5734,6922,HH,HH,HH,ns,ns,LL
5306,Nusa Tenggara Timur,Belu,Bali & Nusa Tenggara,Kabupaten,124.9676,-9.1552,2.74,16.32,28.3423,65.3538,6.3039,34.4455,53.0134,99.9233,100.1945,245054,26874,21884,20696,20209,20843,21318,22522,19727,15472,12206,10494,9523,7838,6465,4404,4579,HH,LH,HH,ns,ns,LL
5307,Nusa Tenggara Timur,Alor,Bali & Nusa Tenggara,Kabupaten,124.7315,-8.2796,2.81,37.42,30.4755,63.0504,6.4741,30.7277,58.6033,98.3039,101.7463,231970,23123,24334,23237,20111,17472,18468,18552,16787,14227,12356,11191,9498,7596,6374,4228,4416,HH,ns,HH,ns,ns,LL
5308,Nusa Tenggara Timur,Lembata,Bali & Nusa Tenggara,Kabupaten,123.5409,-8.3839,2.69,17.65,30.2625,61.184,8.5536,27.4011,63.4416,94.38,99.0181,147202,13117,16240,15190,12840,10441,10826,10023,9045,8851,8567,7581,6538,5352,4529,3654,4408,ns,ns,HH,ns,ns,LL
5309,Nusa Tenggara Timur,Flores Timur,Bali & Nusa Tenggara,Kabupaten,122.8213,-8.3579,2.56,22.33,27.0235,64.5262,8.4503,31.183,54.9757,97.1321,103.8131,300997,27448,27747,26145,22719,23747,25337,24455,20321,17998,17033,16312,14377,11923,9455,7347,8633,ns,ns,HH,ns,ns,LL
5310,Nusa Tenggara Timur,Sikka,Bali & Nusa Tenggara,Kabupaten,122.3187,-8.6246,2.17,17.07,27.97,63.7504,8.2796,30.2749,56.8618,95.3578,101.9651,350343,27401,38393,32197,27812,26710,29080,26670,23606,21405,20472,18522,15324,13744,11187,8723,9097,ns,ns,HH,ns,ns,LL
5311,Nusa Tenggara Timur,Ende,Bali & Nusa Tenggara,Kabupaten,121.7362,-8.6754,2.11,22.38,24.0447,68.0141,7.9411,31.7865,47.0283,96.3557,102.926,286911,23051,20863,25073,23730,23056,24250,22960,20933,19477,18122,16354,14262,11996,9290,6569,6925,ns,ns,LH,ns,ns,LL
5312,Nusa Tenggara Timur,Ngada,Bali & Nusa Tenggara,Kabupaten,121.0016,-8.6652,2.56,13.16,26.3879,65.7828,7.8292,31.4628,52.0153,97.368,101.2914,178843,17024,14340,15829,14617,15429,15647,13703,11490,11346,11221,9722,7940,6533,5159,3791,5052,ns,ns,HH,ns,ns,LL
5313,Nusa Tenggara Timur,Manggarai,Bali & Nusa Tenggara,Kabupaten,120.4025,-8.564,2.82,20.03,29.9064,64.5657,5.5279,31.9623,54.881,100.1644,102.986,345826,35697,34022,33705,30910,30270,31441,26397,22426,19682,18276,16824,15065,11994,8344,5516,5257,HH,ns,HH,ns,ns,ns
5314,Nusa Tenggara Timur,Rote Ndao,Bali & Nusa Tenggara,Kabupaten,123.1303,-10.7235,3.0,35.21,31.4333,61.6175,6.9492,29.7431,62.2916,101.232,98.9782,157788,16520,16838,16240,13561,12238,11185,11738,11770,10593,9027,6802,5485,4826,3794,3181,3990,ns,HH,HH,ns,ns,LL
5315,Nusa Tenggara Timur,Manggarai Barat,Bali & Nusa Tenggara,Kabupaten,120.0881,-8.5981,2.66,18.51,30.8607,64.2369,4.9025,32.2785,55.6739,100.4818,99.636,287142,28991,32253,27370,26000,24430,26151,23074,19030,16860,14927,13341,11892,8746,6062,3946,4069,HH,ns,HH,ns,ns,ns
5316,Nusa Tenggara Timur,Sumba Tengah,Bali & Nusa Tenggara,Kabupaten,119.6686,-9.5433,3.27,20.43,33.0199,61.4509,5.5292,30.7885,62.7315,105.0737,106.3508,96036,10529,11739,9443,8804,7898,7894,7292,6484,5571,4898,4221,3335,2618,2020,1481,1809,HH,ns,HH,ns,ns,ns
5317,Nusa Tenggara Timur,Sumba Barat Daya,Bali & Nusa Tenggara,Kabupaten,119.1777,-9.5341,3.43,32.65,35.2724,60.8416,3.8859,29.8928,64.3611,104.4811,104.2051,342287,38247,40329,42157,36717,28445,28416,23965,21493,18399,16684,14521,11282,8331,5840,3907,3554,HH,ns,HH,ns,ns,ns
5318,Nusa Tenggara Timur,Nagekeo,Bali & Nusa Tenggara,Kabupaten,121.2731,-8.6895,2.45,17.69,26.2456,65.8012,7.9532,31.1255,51.9729,97.6801,103.5578,172974,15353,14812,15233,13712,13732,14378,13970,11759,11441,10926,9523,8065,6313,5159,3955,4643,ns,ns,HH,ns,ns,LL
5319,Nusa Tenggara Timur,Manggarai Timur,Bali & Nusa Tenggara,Kabupaten,120.6891,-8.5729,2.92,17.07,29.3256,65.3716,5.3028,31.0519,52.9716,102.1597,104.378,306838,32164,28677,29141,27620,25447,26785,23264,19783,18675,17961,15976,14048,11026,7456,4501,4314,ns,ns,HH,ns,ns,LL
5320,Nusa Tenggara Timur,Sabu Raijua,Bali & Nusa Tenggara,Kabupaten,121.8699,-10.528,3.17,38.39,32.9469,60.4438,6.6092,30.3534,65.4429,103.3919,106.0993,97742,10364,11282,10557,8864,7451,7598,7767,6852,5633,4808,4132,3341,2633,2178,1842,2440,ns,ns,HH,ns,ns,ns
5321,Nusa Tenggara Timur,Malaka,Bali & Nusa Tenggara,Kabupaten,124.887,-9.5255,2.57,15.03,26.668,65.1116,8.2203,32.1709,53.5824,97.4927,99.806,198496,19754,16688,16493,18276,17246,17320,16468,12824,11108,10271,9438,8775,7518,6070,4584,5663,HH,LH,HH,ns,ns,LL
5371,Nusa Tenggara Timur,Kota Kupang,Bali & Nusa Tenggara,Kota,123.6053,-10.2047,2.37,12.61,26.8397,68.409,4.7513,34.7417,46.1796,101.2083,100.1163,490393,50260,45374,35986,30522,34880,40625,48056,46810,40799,33148,25483,19944,15206,10677,6634,5989,HH,LH,LH,ns,ns,LL
6101,Kalimantan Barat,Sambas,Kalimantan,Kabupaten,109.3497,1.4233,2.42,13.82,25.2364,67.518,7.2457,29.8002,48.1087,103.5992,106.01,667834,56566,56053,55918,56305,53622,50123,47394,47877,49296,46405,41599,32722,25565,20268,14882,13239,ns,ns,ns,ns,ns,ns
6102,Kalimantan Barat,Bengkayang,Kalimantan,Kabupaten,109.5813,1.0127,2.25,13.06,25.1164,68.9771,5.9065,33.6553,44.9756,107.5652,109.6008,312147,27150,25746,25504,26089,26583,26759,25897,25815,22724,20201,17159,13505,10578,8018,5495,4924,ns,ns,ns,ns,ns,ns
6103,Kalimantan Barat,Landak,Kalimantan,Kabupaten,109.7639,0.5075,2.32,15.93,25.468,68.595,5.937,33.58,45.7832,109.0845,111.8905,429744,37765,36234,35448,34489,35517,37109,36140,35542,30975,27278,23406,19150,15177,11659,7417,6438,ns,ns,ns,ns,ns,ns
6104,Kalimantan Barat,Mempawah,Kalimantan,Kabupaten,109.1554,0.3518,2.25,12.74,24.4255,68.3754,7.1991,32.6651,46.2515,104.5325,108.0484,324456,27784,26710,24756,24837,26633,28326,26524,24501,23101,21289,18728,15260,12649,9678,6953,6727,ns,ns,ns,ns,ns,ns
6105,Kalimantan Barat,Sanggau,Kalimantan,Kabupaten,110.4307,0.2685,2.26,12.56,23.975,69.5273,6.4977,31.8671,43.8284,106.9975,108.0692,522799,44225,41253,39863,39821,41076,43451,41076,40998,38891,37192,32717,26436,21830,16032,10305,7633,ns,ns,ns,ns,ns,ns
6106,Kalimantan Barat,Ketapang,Kalimantan,Kabupaten,110.6066,-1.6304,2.21,15.36,23.7017,70.7299,5.5684,33.6243,41.3829,107.6341,107.4383,613999,53466,46681,45381,48751,53310,51043,52164,49936,46505,42270,36538,30791,22973,15761,9864,8565,ns,ns,ns,ns,ns,HH
6107,Kalimantan Barat,Sintang,Kalimantan,Kabupaten,112.0539,0.0927,2.3,14.83,25.3574,68.6492,5.9934,32.0706,45.6682,106.0648,107.4108,454581,39762,38051,37457,38074,36226,36045,36803,36713,33522,31187,26218,21008,16270,11850,8080,7315,ns,ns,ns,ns,ns,HH
6108,Kalimantan Barat,Kapuas Hulu,Kalimantan,Kabupaten,112.8034,0.8255,2.27,16.1,24.4876,69.3414,6.1709,31.1236,44.2139,104.8331,104.7925,272260,22861,22417,21392,22578,22254,21053,20782,20648,20165,19006,17138,14188,10977,7807,4936,4058,ns,ns,ns,ns,LH,HH
6109,Kalimantan Barat,Sekadau,Kalimantan,Kabupaten,110.9491,-0.0168,2.28,15.66,24.6039,69.0959,6.3002,32.488,44.7264,107.0624,109.6426,227866,19508,18248,18308,18009,18167,18258,18645,18959,17073,15217,13248,11024,8846,6415,4340,3601,ns,ns,ns,ns,ns,HH
6110,Kalimantan Barat,Melawi,Kalimantan,Kabupaten,111.7243,-0.6307,2.29,14.99,23.6191,70.4777,5.9032,33.2534,41.8889,105.2877,102.5804,250492,22728,18812,17624,19404,20473,20782,20766,21276,19690,17992,14580,12321,9257,6815,4281,3691,ns,ns,ns,ns,ns,HH
6111,Kalimantan Barat,Kayong Utara,Kalimantan,Kabupaten,110.0637,-1.0546,2.35,17.83,24.8919,69.2427,5.8654,33.119,44.4196,105.788,105.1334,139479,12730,11606,10383,11927,11978,11821,11444,10951,10538,9160,7718,6155,4887,3629,2487,2065,ns,ns,ns,ns,ns,HH
6112,Kalimantan Barat,Kubu Raya,Kalimantan,Kabupaten,109.5619,-0.3237,2.26,16.4,25.3194,68.8029,5.8777,32.7986,45.3427,104.3222,105.3082,670755,59170,56033,54628,54633,52487,57693,56964,52854,47518,43067,38248,32396,25639,17412,11487,10526,ns,ns,ns,ns,ns,ns
6171,Kalimantan Barat,Kota Pontianak,Kalimantan,Kota,109.3316,-0.0255,2.02,11.74,23.6529,68.9856,7.3615,31.0645,44.9578,99.8378,100.7876,690969,53213,55975,54246,54040,53567,55547,54013,51519,51149,47509,43515,36415,29395,21257,15282,14327,ns,ns,ns,ns,ns,ns
6172,Kalimantan Barat,Kota Singkawang,Kalimantan,Kota,109.0321,0.8868,2.36,12.09,26.4219,66.7835,6.7946,32.1174,49.7375,104.239,105.694,257574,22998,23641,21417,20583,19530,20664,22021,20511,18191,15977,13891,11247,9402,7254,5283,4964,ns,ns,ns,ns,ns,ns
6201,Kalimantan Tengah,Kotawaringin Barat,Kalimantan,Kabupaten,111.7742,-2.5729,2.25,16.47,24.9466,69.2456,5.8078,30.5157,44.4136,106.2483,104.4818,288560,24100,25142,22744,22441,20905,22610,22611,21930,22186,21496,18885,15067,11684,7780,4805,4174,ns,ns,LL,LL,LH,HH
6202,Kalimantan Tengah,Kotawaringin Timur,Kalimantan,Kabupaten,112.7152,-2.0857,2.18,12.87,23.5532,70.913,5.5338,33.1489,41.0179,106.1388,106.0428,457424,39649,33629,34460,37702,38687,38225,37649,37070,35072,32751,27987,22251,16979,11636,7130,6547,ns,ns,ns,ns,ns,HH
6203,Kalimantan Tengah,Kapuas,Kalimantan,Kabupaten,114.3026,-1.7635,2.37,19.05,23.1335,70.2837,6.5828,33.3499,42.2806,105.651,108.2271,439795,40954,30072,30714,34164,37210,38161,36330,34970,31890,29598,26549,22665,17567,12693,8024,8234,ns,ns,ns,ns,ns,ns
6204,Kalimantan Tengah,Barito Selatan,Kalimantan,Kabupaten,114.911,-1.7739,2.18,18.52,23.1343,69.8711,6.9946,31.4824,43.1207,104.0782,105.8932,138163,11372,10888,9703,10566,11611,11332,10385,10169,10060,9888,9082,7510,5933,4370,2752,2542,ns,ns,ns,ns,ns,ns
6205,Kalimantan Tengah,Barito Utara,Kalimantan,Kabupaten,115.1379,-0.9283,2.24,15.95,23.5822,70.5023,5.9155,34.2036,41.8394,106.8225,107.2457,166579,14580,12995,11708,12449,14473,15205,14216,13082,12267,11175,9870,8206,6499,4459,2811,2584,ns,ns,ns,ns,ns,ns
6206,Kalimantan Tengah,Sukamara,Kalimantan,Kabupaten,111.1595,-2.6044,2.15,13.24,24.3321,71.0944,4.5736,33.9126,40.6582,108.638,106.7356,70142,5982,5841,5244,5358,5734,6073,5938,6042,5834,5091,4230,3237,2330,1513,894,801,ns,ns,ns,LL,ns,HH
6207,Kalimantan Tengah,Lamandau,Kalimantan,Kabupaten,111.4179,-1.7711,2.17,16.95,24.2165,70.478,5.3055,33.3796,41.8883,113.6521,114.3218,106700,8887,8830,8122,7448,7429,8951,9658,9578,9057,8121,6397,4894,3667,2482,1603,1576,ns,ns,LL,LL,ns,HH
6208,Kalimantan Tengah,Seruyan,Kalimantan,Kabupaten,112.1987,-2.2569,2.17,17.38,24.5707,71.1771,4.2522,33.3857,40.4946,111.567,109.3517,180308,15118,14796,14389,14658,14721,14682,14899,15895,15122,13537,11173,8062,5589,3657,2123,1887,ns,ns,ns,ns,ns,HH
6209,Kalimantan Tengah,Katingan,Kalimantan,Kabupaten,113.0706,-1.6843,2.43,13.38,25.908,68.7646,5.3274,31.7621,45.4237,106.7851,104.3978,176764,16205,14811,14780,15527,15011,13662,13724,13747,12843,11916,10404,8314,6403,4174,2658,2585,ns,ns,ns,ns,HH,HH
6210,Kalimantan Tengah,Pulang Pisau,Kalimantan,Kabupaten,113.9673,-2.691,2.2,18.0,24.2692,68.1464,7.5844,31.4839,46.7428,107.1375,109.2466,142028,11538,11606,11325,11366,10991,11690,11470,10565,10161,9425,8452,6899,5768,4355,3098,3319,ns,ns,ns,ns,ns,ns
6211,Kalimantan Tengah,Gunung Mas,Kalimantan,Kabupaten,113.5589,-1.0253,2.33,16.62,25.8576,69.3433,4.7991,35.8103,44.21,109.9798,109.8303,150923,14398,12501,12126,12006,13639,13315,14001,13091,11318,9376,7653,5893,4363,3072,2036,2135,ns,ns,ns,ns,ns,ns
6212,Kalimantan Tengah,Barito Timur,Kalimantan,Kabupaten,115.1438,-1.9826,2.16,19.98,22.5938,70.7421,6.6641,32.1866,41.3585,104.1323,104.6101,121622,10100,8951,8428,9275,10101,10341,9514,9190,9128,8778,8016,6638,5057,3555,2348,2202,ns,ns,ns,ns,ns,ns
6213,Kalimantan Tengah,Murung Raya,Kalimantan,Kabupaten,114.2622,-0.0316,2.36,17.18,26.25,69.2088,4.5411,34.1741,44.4902,106.857,104.2775,121996,11948,10094,9982,10988,11463,11067,9680,9481,8913,7844,6461,4869,3666,2589,1514,1437,ns,ns,ns,ns,HH,HH
6271,Kalimantan Tengah,Kota Palangka Raya,Kalimantan,Kota,113.7678,-2.0076,2.14,12.33,24.5514,69.2858,6.1628,32.9984,44.3297,99.8695,97.2138,318540,28207,25884,24115,25381,24747,27677,27336,25353,22598,21227,18824,15167,12393,8722,5748,5161,ns,ns,ns,ns,ns,LH
6301,Kalimantan Selatan,Tanah Laut,Kalimantan,Kabupaten,114.9054,-3.8197,2.15,13.31,25.3198,68.2002,6.48,30.0966,46.6272,104.2403,104.7662,372716,29440,31373,33558,29678,27669,27905,28187,28414,28394,26758,23142,18926,15120,10824,7297,6031,ns,ns,ns,ns,ns,ns
6302,Kalimantan Selatan,Kota Baru,Kalimantan,Kota,116.0228,-2.7572,2.55,14.99,26.2911,68.5201,5.1889,30.9546,45.9426,105.4003,105.8364,352736,33008,28034,31696,31004,29998,28019,25767,25404,25797,24396,21361,17304,12645,8414,5392,4497,ns,ns,ns,ns,ns,ns
6303,Kalimantan Selatan,Banjar,Kalimantan,Kabupaten,115.0799,-3.321,2.25,17.36,25.2329,68.4194,6.3476,30.6996,46.1574,101.6731,103.4797,618481,51725,50035,54301,47026,45661,46954,49029,48227,46312,43978,38538,32122,25314,18256,11661,9342,ns,ns,ns,ns,ns,ns
6304,Kalimantan Selatan,Barito Kuala,Kalimantan,Kabupaten,114.63,-3.0921,2.31,20.12,24.9541,68.6096,6.4363,29.9732,45.7522,102.5761,106.5748,340257,28080,26801,30027,27018,26072,25169,25471,25274,25195,24680,21708,18536,14326,10061,6642,5197,ns,ns,ns,ns,ns,ns
6305,Kalimantan Selatan,Tapin,Kalimantan,Kabupaten,115.0449,-2.9228,2.15,13.23,25.1983,68.0719,6.7298,29.9093,46.9036,102.0073,102.8734,203482,15983,16643,18648,15840,13941,15271,15810,15838,15099,14104,12852,11027,8732,6372,4073,3249,ns,ns,ns,ns,ns,ns
6306,Kalimantan Selatan,Hulu Sungai Selatan,Kalimantan,Kabupaten,115.2055,-2.7293,2.29,19.72,24.5358,67.9825,7.4817,30.317,47.0966,101.0976,107.5838,244223,19783,19476,20663,18959,18664,19120,18370,17887,16517,16033,15468,13784,11227,8258,5319,4695,ns,ns,ns,ns,ns,ns
6307,Kalimantan Selatan,Hulu Sungai Tengah,Kalimantan,Kabupaten,115.4789,-2.6093,2.29,19.9,24.2491,67.8286,7.9223,30.2329,47.4303,101.3212,109.8643,273672,21740,21694,22929,20747,21685,21529,20154,19371,17379,17678,17301,16086,13698,10126,6211,5344,ns,ns,ns,ns,ns,ns
6308,Kalimantan Selatan,Hulu Sungai Utara,Kalimantan,Kabupaten,115.151,-2.439,2.39,20.84,25.8976,67.0737,7.0287,30.7817,49.0898,100.3426,108.4126,242092,20823,20591,21282,19018,19035,18603,18378,18504,16666,15453,14273,12261,10189,7632,5291,4093,ns,ns,ns,ns,ns,ns
6309,Kalimantan Selatan,Tabalong,Kalimantan,Kabupaten,115.5002,-1.8617,2.19,12.79,26.1544,67.8434,6.0021,31.1595,47.3982,102.6021,103.4435,273602,22417,24321,24821,21160,19693,21328,21895,22337,19767,18392,16548,13547,10954,7769,5031,3622,ns,ns,ns,ns,ns,ns
6310,Kalimantan Selatan,Tanah Bumbu,Kalimantan,Kabupaten,115.6457,-3.4398,2.43,13.97,28.7396,66.1294,5.1311,29.5502,51.2187,104.288,99.3103,352072,31314,33582,36288,29899,23376,25403,27820,27439,26619,24422,20320,15706,11819,8083,5561,4421,ns,ns,ns,ns,ns,ns
6311,Kalimantan Selatan,Balangan,Kalimantan,Kabupaten,115.6227,-2.3178,2.29,15.13,26.6516,67.6291,5.7193,31.8125,47.8652,102.1938,103.8208,142029,12457,12164,13232,11455,10921,11473,11347,11442,9908,9005,7828,7031,5643,4075,2317,1731,ns,ns,ns,ns,ns,ns
6371,Kalimantan Selatan,Kota Banjarmasin,Kalimantan,Kota,114.5925,-3.3293,2.14,11.29,24.195,68.1052,7.6998,29.3707,46.8316,99.9667,103.9128,672668,51296,53044,58412,53429,51953,51142,47464,47008,47222,47073,43789,37718,31324,22759,16159,12876,ns,ns,ns,ns,ns,ns
6372,Kalimantan Selatan,Kota Banjar Baru,Kalimantan,Kota,114.7913,-3.475,2.11,10.92,25.9917,68.3574,5.6509,30.6788,46.29,100.5429,100.3725,284079,22923,25458,25456,21146,19923,22843,22563,21823,21070,20579,18299,14559,11384,7701,4983,3369,ns,ns,ns,ns,ns,ns
6401,Kalimantan Timur,Paser,Kalimantan,Kabupaten,116.0898,-1.7334,2.17,14.21,24.2516,69.8765,5.8719,32.1731,43.1096,107.2137,107.6645,292393,24312,24201,22397,22732,23157,23540,23441,23934,22301,20719,18209,14677,11604,7960,4779,4430,ns,ns,ns,ns,HH,ns
6402,Kalimantan Timur,Kutai Barat,Kalimantan,Kabupaten,115.8243,-0.5027,2.19,14.62,22.8394,70.9966,6.164,32.8491,40.8519,109.8222,108.5554,181813,15366,12674,13485,14557,15549,15566,14632,13977,13823,13288,11720,9032,6937,4953,3141,3113,ns,ns,LL,ns,HH,ns
6403,Kalimantan Timur,Kutai Kartanegara,Kalimantan,Kabupaten,116.4391,0.1404,2.07,13.3,23.0063,71.564,5.4297,35.525,39.7351,107.0844,105.234,897918,65811,70391,70376,74289,83659,85836,78600,70890,65110,59664,51884,41530,31124,21565,13429,13760,ns,ns,LL,ns,HH,HH
6404,Kalimantan Timur,Kutai Timur,Kalimantan,Kabupaten,117.1278,0.99,2.15,12.84,23.3467,72.5507,4.1026,35.4955,37.8347,114.3466,114.6682,477695,41074,34008,36444,39122,41262,41348,43025,43925,38743,33932,28617,21805,14792,9318,5293,4987,ns,ns,LL,ns,HH,HH
6405,Kalimantan Timur,Berau,Kalimantan,Kabupaten,117.3268,1.9093,2.28,15.24,24.6463,70.6508,4.7028,33.3694,41.5412,112.764,114.2055,268689,23128,21756,21338,21386,20989,22514,23295,22862,20722,19289,16601,13106,9067,5772,3537,3327,ns,ns,ns,LL,HH,HH
6409,Kalimantan Timur,Penajam Paser Utara,Kalimantan,Kabupaten,116.5899,-1.1575,2.28,13.94,18.9825,77.606,3.4115,49.2503,28.856,104.9233,99.6707,523288,32204,35313,31816,34724,61860,78559,68073,49229,36949,28207,21333,15945,11224,7202,4852,5798,ns,ns,ns,ns,ns,ns
6411,Kalimantan Timur,Mahakam Ulu,Kalimantan,Kabupaten,114.8364,0.7317,2.31,15.9,23.5636,69.5162,6.9201,35.5228,43.8513,104.8771,93.0609,35245,3431,2393,2481,2608,2877,3538,3435,2670,2437,2239,1814,1531,1352,1008,659,772,ns,ns,ns,ns,HH,HH
6471,Kalimantan Timur,Kota Balikpapan,Kalimantan,Kota,116.8724,-1.1567,2.04,10.55,23.3624,69.6613,6.9762,31.7228,43.5517,103.7691,106.2479,735912,57343,59998,54586,56508,56716,59056,59427,58253,55672,52739,46077,37454,30744,22588,15316,13435,ns,ns,LL,ns,HH,ns
6472,Kalimantan Timur,Kota Samarinda,Kalimantan,Kota,117.1766,-0.4997,1.98,12.36,22.4784,70.8727,6.6489,31.9129,41.098,102.7421,103.0,872306,67494,63572,65014,70003,72711,71277,67615,66775,65396,61949,56214,47875,38412,26409,16305,15285,ns,ns,LL,LL,HH,LH
6474,Kalimantan Timur,Kota Bontang,Kalimantan,Kota,117.4562,0.092,2.07,12.83,25.1293,69.7758,5.0948,34.8675,43.3161,103.9039,101.9739,193097,16689,17240,14595,14876,16402,17496,17576,15854,13377,12031,10270,9233,7620,4947,2831,2060,ns,ns,LL,ns,HH,HH
6501,Kalimantan Utara,Malinau,Kalimantan,Kabupaten,115.7354,2.513,2.25,15.62,24.3835,70.411,5.2055,34.5446,42.0233,112.4448,112.1736,88445,7812,7030,6724,7464,7882,7667,7586,7418,6604,5974,5067,3757,2856,1900,1289,1415,ns,ns,ns,ns,HH,HH
6502,Kalimantan Utara,Bulungan,Kalimantan,Kabupaten,117.0161,2.7802,2.29,13.29,23.5371,70.4885,5.9744,33.2699,41.8671,112.6612,114.0745,164536,14020,12738,11969,13325,14063,13924,13484,13270,12480,11302,9966,7903,6262,4364,2785,2681,ns,ns,LL,LL,HH,HH
6503,Kalimantan Utara,Tana Tidung,Kalimantan,Kabupaten,117.0321,3.5517,2.77,14.25,27.7454,68.0323,4.2223,31.7371,46.989,111.4601,104.8151,29486,3057,2704,2420,2301,2288,2217,2315,2538,2388,2101,1711,1299,902,579,330,336,ns,ns,LL,LL,HH,HH
6504,Kalimantan Utara,Nunukan,Kalimantan,Kabupaten,116.5798,4.0079,2.3,15.55,23.4738,71.1223,5.404,33.9291,40.6029,111.6079,113.2993,216970,19165,16140,15626,18140,18836,18981,18365,17434,15840,14709,13136,10770,8103,5419,3142,3164,ns,ns,ns,LL,HH,HH
6571,Kalimantan Utara,Kota Tarakan,Kalimantan,Kota,117.5997,3.36,2.19,12.62,24.4702,69.9949,5.5349,32.6164,42.8675,106.2117,105.5303,259336,22315,21653,19492,21684,21838,21488,20886,20374,19796,18301,15449,12316,9390,6523,4254,3577,ns,ns,ns,LL,HH,HH
7101,Sulawesi Utara,Bolaang Mongondow,Sulawesi,Kabupaten,124.0387,0.7075,2.16,21.55,22.7014,69.0988,8.1998,29.983,44.7202,109.8116,114.6966,261398,19409,19029,20903,22077,20568,20617,19744,17446,17673,18583,16991,15073,11851,8868,5893,6673,ns,ns,ns,ns,ns,ns
7102,Sulawesi Utara,Minahasa,Sulawesi,Kabupaten,124.8527,1.2604,1.99,12.63,20.3464,67.2784,12.3752,28.4698,48.6361,103.0622,106.1858,356624,23890,24149,24521,23750,25527,26794,25391,23818,23654,24392,24140,22589,19876,16381,12427,15325,ns,ns,ns,HH,ns,ns
7103,Sulawesi Utara,Kepulauan Sangihe,Sulawesi,Kabupaten,125.5401,3.5562,2.07,14.08,20.154,69.1825,10.6635,30.069,44.5453,103.8624,108.6292,144408,10305,8916,9883,9619,9481,10397,11801,11743,10702,9769,9275,8815,8303,6391,4297,4711,ns,ns,ns,HH,ns,ns
7104,Sulawesi Utara,Kepulauan Talaud,Sulawesi,Kabupaten,126.7802,4.2874,2.16,17.97,21.6452,68.7034,9.6515,30.3639,45.5533,105.4349,109.3398,100244,7602,6783,7313,7611,7265,7724,7683,7766,7189,7422,6225,5192,4794,3995,2719,2961,ns,ns,ns,ns,ns,ns
7105,Sulawesi Utara,Minahasa Selatan,Sulawesi,Kabupaten,124.519,1.0853,2.06,14.84,21.2012,67.2482,11.5506,28.8259,48.703,105.2491,109.0595,243684,16927,16870,17867,17826,18561,18732,17226,15725,15176,16619,16375,15018,12615,10624,8026,9497,ns,ns,ns,HH,ns,ns
7106,Sulawesi Utara,Minahasa Utara,Sulawesi,Kabupaten,125.0036,1.5259,2.02,12.86,21.9643,68.6594,9.3762,30.4958,45.6464,102.7274,105.6307,237708,17391,16917,17903,17826,17596,18411,18495,17989,16704,16377,14899,13531,11381,8976,6559,6753,ns,ns,ns,HH,LL,ns
7107,Sulawesi Utara,Bolaang Mongondow Utara,Sulawesi,Kabupaten,123.4765,0.7677,2.19,16.7,24.5769,68.0642,7.3589,30.9475,46.9201,104.9125,104.7312,89348,7119,7422,7418,7479,7363,7051,7060,6177,6240,5792,5327,4524,3801,2773,1884,1918,ns,LH,ns,ns,ns,ns
7108,Sulawesi Utara,Siau Tagulandang Biaro,Sulawesi,Kabupaten,125.4015,2.7375,2.06,14.84,20.0286,68.6287,11.3427,30.0035,45.7116,101.3759,107.0159,74938,5376,4529,5104,4900,5072,5471,5742,6199,5338,4783,4735,4716,4473,3473,2327,2700,LL,ns,ns,HH,ns,ns
7109,Sulawesi Utara,Minahasa Tenggara,Sulawesi,Kabupaten,124.7163,1.0125,2.24,18.03,23.7919,67.2216,8.9866,29.5494,48.7618,105.6751,108.8849,122605,9462,9897,9811,9872,9682,9742,8909,7896,7557,8075,7805,7136,5743,4301,3140,3577,ns,ns,ns,HH,LL,ns
7110,Sulawesi Utara,Bolaang Mongondow Selatan,Sulawesi,Kabupaten,123.9283,0.4432,2.27,23.44,25.6867,68.3098,6.0035,31.611,46.3918,106.9167,107.7004,74490,6245,6351,6538,6783,6245,5869,6012,5421,5311,5048,4187,3353,2655,1962,1266,1244,ns,ns,ns,ns,ns,ns
7111,Sulawesi Utara,Bolaang Mongondow Timur,Sulawesi,Kabupaten,124.5099,0.716,2.14,17.97,22.4868,69.8521,7.6611,31.052,43.1597,107.4947,106.9151,94242,7475,6520,7197,7359,7049,7393,7739,7083,6748,6816,6033,5369,4241,3143,2043,2034,ns,ns,ns,HH,ns,ns
7171,Sulawesi Utara,Kota Manado,Sulawesi,Kota,124.8634,1.5117,2.01,11.7,22.0282,68.474,9.4977,30.1164,46.0407,100.2194,104.2919,463564,33788,34190,34137,32328,32603,34681,35825,36500,34229,31439,28970,27116,23730,18414,12515,13099,ns,ns,ns,HH,LL,ns
7172,Sulawesi Utara,Kota Bitung,Sulawesi,Kota,125.1425,1.4992,2.12,13.22,23.0441,69.8478,7.1081,30.9786,43.1684,104.7185,108.4182,239840,18488,18047,18734,18949,18525,18624,18648,18502,18213,17337,15535,13052,10138,7580,4863,4605,ns,ns,ns,LH,LL,ns
7173,Sulawesi Utara,Kota Tomohon,Sulawesi,Kota,124.8144,1.3303,2.05,11.85,21.8521,67.3037,10.8442,28.7929,48.5803,101.4818,104.2022,105651,7466,8021,7600,7187,7594,7787,7517,7522,7080,7061,7281,6562,5516,4330,3283,3844,ns,ns,ns,HH,ns,ns
7174,Sulawesi Utara,Kota Kotamobagu,Sulawesi,Kota,124.3186,0.7111,2.08,14.06,22.9303,69.3807,7.689,30.5023,44.1322,103.2481,103.0833,131721,10202,10030,9972,9670,9827,10386,10390,9575,10287,9287,8083,7621,6263,4534,2865,2729,ns,ns,ns,HH,ns,HH
7201,Sulawesi Tengah,Banggai Kepulauan,Sulawesi,Kabupaten,123.1408,-1.3749,2.33,36.83,25.4869,67.8674,6.6456,30.7177,47.3461,101.979,103.2228,126865,10570,10461,11303,11114,10843,10205,9086,8836,8951,8435,7340,6174,5116,3694,2505,2232,ns,ns,ns,ns,ns,LH
7202,Sulawesi Tengah,Banggai,Sulawesi,Kabupaten,122.5878,-1.0205,2.22,18.14,24.1987,68.5897,7.2116,31.0982,45.7944,103.4142,104.3231,385116,31576,31982,29635,30783,31666,30538,28728,28832,28426,26394,23556,19309,15918,11680,8233,7860,ns,HH,ns,ns,ns,ns
7203,Sulawesi Tengah,Morowali,Sulawesi,Kabupaten,121.8838,-2.6867,2.23,22.22,26.7181,68.6371,4.6447,38.7425,45.6937,121.6083,147.1346,178654,14933,17836,14964,11452,10612,19851,21570,17182,12710,9944,7862,6482,4958,3704,2427,2167,ns,ns,ns,ns,ns,ns
7204,Sulawesi Tengah,Poso,Sulawesi,Kabupaten,120.5337,-1.6784,2.15,14.77,23.4453,68.5123,8.0423,30.7758,45.9591,105.6783,104.5514,258768,20280,20050,20339,20312,21103,20342,19470,18723,18645,18028,15999,13538,11128,8620,6033,6158,ns,ns,ns,ns,ns,ns
7205,Sulawesi Tengah,Donggala,Sulawesi,Kabupaten,119.9331,-0.011,2.24,25.08,24.9616,68.6173,6.4211,31.2249,45.7359,105.1181,107.9201,316206,25845,24574,28511,29474,27072,25373,23952,22338,20923,20326,18948,15870,12696,8935,5979,5390,ns,HH,ns,ns,ns,ns
7206,Sulawesi Tengah,Toli-Toli,Sulawesi,Kabupaten,120.7326,0.9263,2.35,24.73,26.8659,66.7346,6.3995,30.2971,49.8474,103.687,103.6367,238049,19798,23160,20996,19050,18818,17821,18456,17027,16428,15609,14241,11991,9420,6671,4498,4065,ns,HH,ns,ns,ns,ns
7207,Sulawesi Tengah,Buol,Sulawesi,Kabupaten,121.3885,0.9791,2.49,24.15,28.5335,66.2064,5.2601,31.4181,51.0428,105.0942,104.2697,155929,14219,15859,14414,13995,13645,13128,11691,10526,10266,9296,8380,6925,5383,3725,2525,1952,ns,HH,ns,ns,ns,ns
7208,Sulawesi Tengah,Parigi Moutong,Sulawesi,Kabupaten,120.4492,0.0172,2.34,29.9,23.7131,69.956,6.3309,32.5494,42.947,104.7028,105.4289,469668,41127,33505,36741,39760,41291,39686,37363,34534,33214,32327,28452,23719,18215,13180,8687,7867,ns,HH,ns,ns,ns,ns
7209,Sulawesi Tengah,Tojo Una-Una,Sulawesi,Kabupaten,121.5154,-1.2406,2.32,24.95,26.7173,67.0953,6.1874,31.2804,49.0417,106.1592,109.4753,174355,14240,16312,16031,15065,14651,14022,12972,12894,11723,11153,9702,8130,6672,4803,3155,2830,ns,ns,ns,ns,ns,HH
7210,Sulawesi Tengah,Sigi,Sulawesi,Kabupaten,119.9742,-1.4087,2.27,22.52,25.0969,68.2469,6.6562,30.8404,46.5267,104.2888,104.0601,276556,22891,23353,23163,23230,22155,21264,21151,20721,19842,18751,16804,13918,10905,8008,5371,5029,ns,ns,ns,ns,ns,ns
7211,Sulawesi Tengah,Banggai Laut,Sulawesi,Kabupaten,123.5396,-1.6248,2.39,25.69,28.2585,66.3533,5.3882,31.4023,50.7085,101.654,101.9591,75832,6675,7194,7560,6891,6420,5768,5695,5930,5290,4678,3977,3179,2489,1955,1222,909,ns,HH,ns,ns,ns,LH
7212,Sulawesi Tengah,Morowali Utara,Sulawesi,Kabupaten,121.3962,-1.8265,2.25,17.89,25.7741,67.8568,6.3691,31.5417,47.3691,108.6293,110.2456,131353,10615,11534,11706,11236,10434,10247,10361,10389,9344,8581,7402,6149,4989,3626,2437,2303,ns,ns,ns,ns,ns,HH
7271,Sulawesi Tengah,Kota Palu,Sulawesi,Kota,119.9126,-0.8368,2.07,14.01,26.1072,68.0612,5.8315,32.6072,46.9265,100.4738,100.0076,402417,33630,37321,34109,30180,29043,33641,35362,33171,28485,25568,22676,19861,15903,11142,6900,5425,ns,LH,ns,ns,ns,ns
7301,Sulawesi Selatan,Kepulauan Selayar,Sulawesi,Kabupaten,120.4964,-6.094,2.15,16.2,21.7354,69.2089,9.0557,32.3826,44.49,96.6942,101.537,145776,11889,10066,9730,12107,13778,12213,10635,10580,10392,9286,8387,7236,6276,5168,3692,4341,ns,ns,ns,ns,ns,LL
7302,Sulawesi Selatan,Bulukumba,Sulawesi,Kabupaten,120.2333,-5.4305,2.15,14.99,21.8976,69.7127,8.3897,30.4821,43.4459,95.5582,97.1513,463164,37663,32424,31335,36313,35719,36061,35514,33888,33348,33213,30996,26965,20867,16118,11167,11573,ns,ns,ns,ns,ns,LL
7303,Sulawesi Selatan,Bantaeng,Sulawesi,Kabupaten,119.9876,-5.4908,2.01,18.93,22.4572,70.4204,7.1224,32.3245,42.0043,97.5263,99.134,209844,16864,16136,14125,15557,17482,17285,16251,16813,16615,15072,12968,10947,8783,6360,4282,4304,ns,ns,ns,ns,ns,LL
7304,Sulawesi Selatan,Jeneponto,Sulawesi,Kabupaten,119.6987,-5.5664,2.17,14.74,23.2244,69.5773,7.1984,32.4175,43.7251,98.1086,101.9093,427667,36107,31912,31304,34707,34134,34656,35268,34581,32275,29885,24961,20640,16452,12987,8183,9615,ns,ns,ns,ns,ns,LL
7305,Sulawesi Selatan,Takalar,Sulawesi,Kabupaten,119.5045,-5.425,2.25,17.4,24.6774,67.792,7.5306,30.8778,47.5101,96.0807,100.3512,325192,27570,27969,24710,25351,24763,24597,26290,24762,22308,21381,19576,17149,14277,10633,6722,7134,ns,ns,ns,ns,ns,LL
7306,Sulawesi Selatan,Gowa,Sulawesi,Kabupaten,119.719,-5.3089,2.17,13.94,23.5353,69.3288,7.136,32.5967,44.2403,98.4004,101.1877,839803,71220,64597,61833,68555,69368,71142,70301,62937,57638,54672,50038,42603,34971,25449,17212,17267,ns,ns,ns,ns,ns,LL
7307,Sulawesi Selatan,Sinjai,Sulawesi,Kabupaten,120.1346,-5.209,2.2,17.93,23.1232,68.9789,7.8979,31.9289,44.9719,98.4115,102.1573,276173,22754,22069,19037,22025,24241,22860,21380,19698,18932,18643,17094,14232,11396,8888,6181,6743,ns,ns,ns,ns,ns,LL
7308,Sulawesi Selatan,Maros,Sulawesi,Kabupaten,119.7261,-4.9998,2.24,14.29,24.7883,68.454,6.7578,32.4667,46.0836,100.9104,104.263,424592,36298,35753,33198,34520,33261,33319,36234,35037,29784,26423,23986,21074,17012,12189,8162,8342,ns,ns,ns,ns,ns,LL
7309,Sulawesi Selatan,Pangkajene Dan Kepulauan,Sulawesi,Kabupaten,119.6314,-4.7906,2.13,18.24,23.7872,68.6536,7.5591,32.5348,45.6588,96.685,102.0418,366192,29912,29648,27547,30864,32263,31962,28593,26322,23278,22770,20749,19177,15426,11092,7854,8735,ns,ns,ns,ns,ns,LL
7310,Sulawesi Selatan,Barru,Sulawesi,Kabupaten,119.6947,-4.4406,2.17,18.7,22.5974,67.5992,9.8033,29.9004,47.9306,96.2087,100.5178,191690,14849,15030,13438,15241,14746,14994,14638,12938,12446,12240,11994,10624,9720,7318,5311,6163,ns,ns,ns,ns,ns,LL
7311,Sulawesi Selatan,Bone,Sulawesi,Kabupaten,120.13,-4.695,2.12,17.48,21.7908,68.5511,9.6581,31.7402,45.8765,96.2114,103.0577,844021,66654,59395,57870,66387,72076,70614,66922,58282,54747,54264,52186,45550,37558,30837,23039,27640,ns,ns,ns,HH,ns,LL
7312,Sulawesi Selatan,Soppeng,Sulawesi,Kabupaten,119.8932,-4.3369,2.07,17.41,19.959,67.6182,12.4228,29.3167,47.8891,94.1059,103.1336,241460,17728,16101,14364,16513,18222,18766,18415,15385,15081,15834,16314,15465,13276,11039,8515,10442,ns,ns,ns,ns,ns,LL
7313,Sulawesi Selatan,Wajo,Sulawesi,Kabupaten,120.1727,-3.9918,2.04,17.43,21.2251,68.8297,9.9452,29.0628,45.2861,94.9001,100.5362,393747,28699,27329,27545,30052,27868,26195,29450,30921,29844,27354,25011,22871,21449,16027,11157,11975,ns,ns,ns,ns,ns,LL
7314,Sulawesi Selatan,Sidenreng Rappang,Sulawesi,Kabupaten,119.9578,-3.8136,2.09,13.14,22.8137,68.3082,8.8781,30.746,46.3952,98.1548,103.7927,336245,25993,26485,24232,26379,26879,26722,25619,24162,23808,22686,20158,17904,15366,11501,8250,10101,ns,ns,ns,ns,ns,LL
7315,Sulawesi Selatan,Pinrang,Sulawesi,Kabupaten,119.6026,-3.6284,2.24,13.06,23.7205,68.3292,7.9503,30.947,46.3504,97.9318,100.7754,435066,36684,34399,32117,35616,35137,35320,33149,31034,30219,28558,25198,23611,19435,13877,9686,11026,ns,ns,ns,ns,ns,ns
7316,Sulawesi Selatan,Enrekang,Sulawesi,Kabupaten,119.8745,-3.5041,2.5,14.51,24.1066,68.6797,7.2137,34.4681,45.6035,102.8518,105.192,245256,23266,18177,17680,21908,24496,23556,20303,16180,14939,14373,13160,10892,8634,6585,4854,6253,ns,ns,ns,ns,ns,ns
7317,Sulawesi Selatan,Luwu,Sulawesi,Kabupaten,120.2146,-3.333,2.35,17.67,24.3109,68.8447,6.8444,33.1601,45.2544,102.1953,105.5847,394206,35084,31235,29516,34623,35599,35188,32099,27833,25712,24791,22949,18614,13982,10206,7724,9051,ns,ns,ns,ns,ns,ns
7318,Sulawesi Selatan,Tana Toraja,Sulawesi,Kabupaten,119.7119,-3.1151,2.54,12.02,22.6526,69.0444,8.3029,34.3016,44.8343,106.6741,109.8687,298208,28386,20017,19149,24952,28556,26983,24132,22619,19502,18408,16186,14020,10538,8609,6854,9297,ns,ns,ns,ns,HH,ns
7322,Sulawesi Selatan,Luwu Utara,Sulawesi,Kabupaten,120.1647,-2.3958,2.21,15.63,23.777,69.5029,6.7201,33.3991,43.879,101.3369,102.5002,345321,30486,27097,24524,29205,31883,31846,27597,24008,23434,22470,20233,16223,13109,9507,6550,7149,ns,ns,ns,ns,HH,ns
7325,Sulawesi Selatan,Luwu Timur,Sulawesi,Kabupaten,121.1282,-2.5561,2.26,13.54,25.6245,68.4289,5.9467,32.0823,46.1372,104.5436,102.9899,321021,27569,29420,25271,27732,27357,26499,25555,23580,23543,22566,18489,13851,10499,7716,5660,5714,ns,ns,ns,ns,HH,HH
7326,Sulawesi Selatan,Toraja Utara,Sulawesi,Kabupaten,119.8643,-2.8792,3.02,11.03,26.4909,65.6697,7.8394,32.4811,52.2772,103.8209,107.4433,286668,29724,23655,22562,27068,27231,25548,21687,18647,16673,16020,14312,11899,9169,7957,6378,8138,ns,ns,ns,ns,HH,ns
7371,Sulawesi Selatan,Kota Makassar,Sulawesi,Kota,119.4647,-5.1361,2.0,10.04,22.8798,70.0662,7.054,33.3904,42.7223,99.0363,104.1519,1482753,117848,112947,108456,125787,130312,126176,120795,117814,105722,95273,82866,72412,61751,44589,30313,29692,ns,ns,ns,ns,ns,LL
7372,Sulawesi Selatan,Kota Parepare,Sulawesi,Kota,119.6638,-4.032,2.25,12.09,25.6474,67.8736,6.4789,32.4761,47.3327,98.9122,101.263,165845,14813,15096,12626,12972,13481,13709,13780,12890,11676,10494,9046,7839,6678,4859,2960,2926,ns,ns,ns,LH,ns,LL
7373,Sulawesi Selatan,Kota Palopo,Sulawesi,Kota,120.1479,-2.9795,2.18,13.89,25.0176,69.1567,5.8256,34.4299,44.5991,101.0021,100.205,201386,18249,17752,14381,16431,17398,17716,17342,16881,15221,12639,10244,8501,6899,4909,3342,3481,ns,ns,ns,ns,HH,ns
7401,Sulawesi Tenggara,Buton,Sulawesi,Kabupaten,122.9234,-5.3168,2.73,24.22,28.7472,65.3565,5.8964,33.4554,53.0071,101.7793,105.1735,125654,12789,12117,11216,11676,11971,11351,10139,8577,7284,6593,5905,4698,3929,3050,2045,2314,HH,ns,HH,ns,ns,ns
7402,Sulawesi Tenggara,Muna,Sulawesi,Kabupaten,122.5625,-4.9772,2.69,19.75,27.2159,66.3924,6.3917,32.1678,50.6197,97.3769,103.7814,234539,22674,20021,21137,23095,22535,21085,16959,14867,13798,12493,12174,10521,8189,6189,4416,4386,HH,ns,HH,ns,ns,ns
7403,Sulawesi Tenggara,Konawe,Sulawesi,Kabupaten,121.8626,-3.5306,2.52,15.47,26.0775,67.9236,5.999,32.6542,47.2243,106.6063,110.0202,282999,26803,24488,22508,24109,24328,24206,22969,20908,19779,18527,15363,12003,10031,7324,5107,4546,ns,ns,ns,LL,HH,HH
7404,Sulawesi Tenggara,Kolaka,Sulawesi,Kabupaten,121.5228,-4.0731,2.29,14.2,26.3578,67.8617,5.7805,31.1881,47.3585,104.1444,104.9677,254270,21507,22362,23151,22704,20914,20106,19645,18637,18223,17072,14412,11741,9098,6269,4257,4172,ns,ns,ns,LL,ns,ns
7405,Sulawesi Tenggara,Konawe Selatan,Sulawesi,Kabupaten,122.4231,-4.2626,2.49,19.37,26.4874,67.5912,5.9214,31.8415,47.9482,104.3573,105.7662,340022,31310,29891,28862,29096,28430,28249,27323,24266,23300,21898,19561,15642,12060,8658,5836,5640,ns,ns,ns,ns,ns,ns
7406,Sulawesi Tenggara,Bombana,Sulawesi,Kabupaten,121.8248,-4.655,2.59,22.89,27.7487,67.0681,5.1833,31.0158,49.1023,102.1461,102.8717,165590,15844,15579,14526,13633,12353,13055,13109,12842,12226,10961,9706,7602,5571,3861,2350,2372,ns,ns,ns,ns,ns,ns
7407,Sulawesi Tenggara,Wakatobi,Sulawesi,Kabupaten,123.5836,-5.3119,2.64,22.66,26.9099,66.2684,6.8217,32.743,50.9014,101.0234,103.7972,121788,12141,10643,9989,9755,9987,10358,10086,9446,8075,7344,5926,5324,4406,3396,2305,2607,HH,ns,HH,ns,ns,ns
7408,Sulawesi Tenggara,Kolaka Utara,Sulawesi,Kabupaten,121.1341,-3.2629,2.47,22.35,26.1701,69.0244,4.8055,33.3217,44.8764,103.9095,102.7948,154176,14890,12856,12602,12440,13118,13163,12564,12529,11349,10458,8792,6925,5081,3386,2086,1937,ns,ns,ns,ns,ns,ns
7409,Sulawesi Tenggara,Buton Utara,Sulawesi,Kabupaten,123.0094,-4.7011,2.68,20.73,28.5928,65.9272,5.4799,31.9567,51.6824,103.6099,107.2006,71406,7014,6872,6531,6652,6049,5676,5570,5524,4542,3927,3766,3161,2209,1569,1124,1220,HH,ns,ns,ns,ns,ns
7410,Sulawesi Tenggara,Konawe Utara,Sulawesi,Kabupaten,122.0241,-3.3888,2.69,23.26,29.3675,66.3267,4.3058,32.7573,50.7689,105.4728,105.2426,76966,7772,7703,7128,6439,6610,6259,6346,5997,5455,4858,3919,3018,2148,1518,972,824,ns,ns,ns,ns,HH,HH
7411,Sulawesi Tenggara,Kolaka Timur,Sulawesi,Kabupaten,121.6085,-3.7955,2.35,15.26,24.7113,69.228,6.0607,31.8038,44.4503,104.2505,100.6741,131041,11701,10871,9810,10432,11208,10881,10202,9385,9212,9208,8327,6743,5119,3479,2293,2170,ns,ns,ns,ns,ns,ns
7412,Sulawesi Tenggara,Konawe Kepulauan,Sulawesi,Kabupaten,123.0957,-4.1145,2.66,23.33,27.7931,67.0193,5.1876,34.102,49.2107,103.0944,108.1387,41021,4129,3745,3527,3648,3594,3480,3609,3306,2551,2291,2112,1681,1220,966,639,523,ns,ns,ns,ns,ns,ns
7413,Sulawesi Tenggara,Muna Barat,Sulawesi,Kabupaten,122.5015,-4.8249,2.67,21.31,28.0271,65.566,6.4069,32.5889,52.5181,98.9305,103.8944,94305,9476,8530,8425,8170,8002,8139,7713,6879,5916,5095,4765,3980,3173,2410,1763,1869,HH,ns,ns,ns,ns,ns
7414,Sulawesi Tenggara,Buton Tengah,Sulawesi,Kabupaten,122.4465,-5.3006,2.82,25.1,29.1477,64.8064,6.046,33.2517,54.3058,100.8941,106.605,124926,12998,11447,11968,12312,11725,11251,9902,8662,7131,6104,5545,4650,3678,2891,2056,2606,HH,ns,ns,ns,ns,ns
7415,Sulawesi Tenggara,Buton Selatan,Sulawesi,Kabupaten,122.7002,-5.5892,2.89,24.48,29.8357,64.7148,5.4495,34.4499,54.5242,102.3786,109.1417,104395,11203,10259,9685,9720,10122,9763,8495,7584,6101,5050,4207,3647,2870,2284,1562,1843,HH,ns,HH,ns,ns,ns
7471,Sulawesi Tenggara,Kota Kendari,Sulawesi,Kota,122.5323,-3.9977,2.12,10.16,26.1196,68.8888,4.9916,33.6141,45.1614,101.5273,101.4242,383708,33801,33786,32636,30460,29187,32582,34687,32524,28965,25251,20597,16574,13505,9041,5645,4467,LH,ns,ns,ns,ns,ns
7472,Sulawesi Tenggara,Kota Baubau,Sulawesi,Kota,122.676,-5.4289,2.34,10.88,27.5537,66.6184,5.828,32.2227,50.1088,99.8915,101.1752,173182,15599,16590,15529,14530,14639,13607,13693,13865,12595,10521,8633,7314,5974,4443,2913,2737,HH,ns,HH,ns,ns,ns
7501,Gorontalo,Boalemo,Sulawesi,Kabupaten,122.3263,0.6538,2.25,22.77,24.2704,69.5585,6.1711,32.9352,43.7638,103.4374,105.4488,157072,13847,12921,11354,12879,13937,13103,12863,11829,10760,10599,9464,7918,5905,4215,2791,2687,ns,HH,ns,ns,ns,ns
7502,Gorontalo,Gorontalo,Sulawesi,Kabupaten,122.7129,0.6928,2.23,24.88,23.5184,69.4772,7.0045,32.4033,43.9322,101.1167,104.327,417661,36183,32259,29785,34120,34973,35675,33996,30692,29008,27454,24931,21729,17601,12622,8416,8217,ns,HH,ns,ns,ns,ns
7503,Gorontalo,Pohuwato,Sulawesi,Kabupaten,121.7099,0.6888,2.27,30.58,24.6199,69.656,5.7241,32.4751,43.5627,102.8079,102.3295,157527,13930,12578,12275,13175,13197,13004,12931,12025,11195,10941,9447,7754,6058,4107,2520,2390,ns,HH,ns,ns,ns,ns
7504,Gorontalo,Bone Bolango,Sulawesi,Kabupaten,123.2924,0.5319,2.22,27.31,24.1743,68.5096,7.3161,32.2845,45.9649,100.8169,102.7485,174793,15012,14090,13153,14323,14661,14581,14040,13149,12089,11284,10089,8538,6996,5431,3670,3687,ns,ns,ns,ns,ns,ns
7505,Gorontalo,Gorontalo Utara,Sulawesi,Kabupaten,122.6619,0.8857,2.41,30.76,24.7887,69.1835,6.0279,33.9273,44.5432,103.48,104.5364,136881,13198,10419,10314,11569,12127,12280,11693,10340,9232,8467,7449,6353,5189,3607,2281,2363,ns,HH,ns,ns,ns,ns
7571,Gorontalo,Kota Gorontalo,Sulawesi,Kota,123.0543,0.5386,2.13,19.79,23.2112,69.4161,7.3727,32.2063,44.0587,99.435,103.6025,212514,17415,16675,15237,17005,17403,17419,16760,16861,15591,13801,12416,11005,9258,6790,4533,4345,ns,HH,ns,ns,ns,ns
7601,Sulawesi Barat,Majene,Sulawesi,Kabupaten,118.9184,-3.1733,2.63,28.91,29.2158,64.9264,5.8579,32.1391,54.0206,100.1876,104.8567,188857,18260,19368,17548,16810,16233,15585,15040,13839,11849,10568,9012,7529,6153,4603,3109,3351,ns,ns,ns,ns,ns,ns
7602,Sulawesi Barat,Polewali Mandar,Sulawesi,Kabupaten,119.1472,-3.3102,2.46,25.44,26.3477,67.0206,6.6317,31.418,49.2078,99.2861,104.6843,513066,46504,44629,44048,45672,42623,39876,40869,37827,33751,31156,28348,24151,19587,13922,9520,10583,ns,ns,ns,ns,HH,ns
7603,Sulawesi Barat,Mamasa,Sulawesi,Kabupaten,119.3146,-2.946,2.55,20.48,25.5651,67.743,6.6918,34.0638,47.6166,106.627,115.5976,178098,17183,14325,14023,14904,16538,18436,14455,11238,10734,11118,9816,7791,5619,4569,3561,3788,ns,ns,ns,ns,ns,ns
7604,Sulawesi Barat,Mamuju,Sulawesi,Kabupaten,119.3477,-2.5194,2.45,20.89,27.9761,67.0049,5.019,32.7511,49.2428,104.0525,103.1438,306597,29586,28896,27292,27050,26671,25700,24513,23530,21629,18759,15483,12349,9751,6758,4518,4112,HH,ns,ns,ns,HH,ns
7605,Sulawesi Barat,Pasangkayu,Sulawesi,Kabupaten,119.5083,-1.4897,2.47,29.12,27.1222,68.8555,4.0223,33.6131,45.2316,105.6126,103.5626,210278,20648,18529,17855,18890,18058,17586,18084,16953,15569,13470,11252,8518,6408,4158,2300,2000,ns,ns,ns,ns,ns,ns
7606,Sulawesi Barat,Mamuju Tengah,Sulawesi,Kabupaten,119.5107,-2.0026,2.66,29.84,28.5329,66.9124,4.5548,34.2973,49.4492,105.2549,102.6349,150458,15956,14082,12892,13029,13940,14599,12482,10582,9341,8518,7264,6113,4807,3259,1961,1633,ns,ns,ns,ns,ns,ns
8101,Maluku,Kepulauan Tanimbar,Maluku,Kabupaten,131.4069,-7.5876,2.6,25.93,26.0027,66.9867,7.0107,32.6891,49.2834,102.3055,103.2156,134167,12937,11524,10426,12949,12903,11259,10426,9270,8469,7738,7038,5347,4475,3941,2943,2522,ns,HH,ns,ns,HH,ns
8102,Maluku,Maluku Tenggara,Maluku,Kabupaten,133.0468,-5.5727,2.3,25.04,24.5065,67.9337,7.5598,34.8999,47.2022,99.3869,103.2471,128774,11635,10335,9588,11605,12147,11362,11235,10198,8412,6828,5794,5351,4549,3817,2680,3238,ns,HH,ns,HL,HH,ns
8103,Maluku,Maluku Tengah,Maluku,Kabupaten,129.4124,-3.0998,2.25,23.78,22.7886,69.7969,7.4146,34.4322,43.2729,101.8546,105.5743,450384,39434,32043,31159,38159,42869,41420,37021,33767,30509,27799,24544,20763,17503,13460,9500,10434,ns,HH,ns,HL,HH,ns
8104,Maluku,Buru,Maluku,Kabupaten,126.7269,-3.3293,2.27,25.81,26.2677,68.9375,4.7948,33.6223,45.059,104.0143,103.1808,145909,13000,13593,11734,12493,12616,13263,12201,10978,10579,9559,8034,6375,4488,2886,2000,2110,ns,HH,ns,ns,HH,ns
8105,Maluku,Kepulauan Aru,Maluku,Kabupaten,134.2588,-6.5821,2.82,26.42,27.8384,67.1171,5.0445,33.0364,48.9932,105.8017,106.4375,112697,11478,10002,9893,10926,10140,9545,9297,8249,7269,6495,5770,4575,3373,2398,1617,1670,ns,HH,ns,ns,HH,ns
8106,Maluku,Seram Bagian Barat,Maluku,Kabupaten,128.4093,-3.1337,2.82,25.43,27.342,67.2872,5.3708,33.8355,48.6167,103.719,106.2799,233187,24753,20812,18193,21399,22566,21425,18770,16139,14986,13291,11441,9383,7505,5478,3414,3632,ns,HH,ns,ns,HH,ns
8107,Maluku,Seram Bagian Timur,Maluku,Kabupaten,130.4056,-3.3914,2.58,35.21,27.1662,68.1806,4.6532,34.6773,46.6692,102.9713,105.0407,151788,14907,13963,12365,14168,14717,14370,12316,11233,10086,8726,7180,6318,4376,3100,2038,1925,ns,HH,ns,ns,HH,ns
8108,Maluku,Maluku Barat Daya,Maluku,Kabupaten,126.3017,-7.7793,3.03,31.9,28.4067,64.1261,7.4673,30.5896,55.9428,104.7542,108.2204,89926,9257,8482,7806,8185,6997,6826,7076,6609,6057,5129,4298,3512,2977,2627,2019,2069,HH,ns,HH,ns,ns,HL
8109,Maluku,Buru Selatan,Maluku,Kabupaten,126.512,-3.5623,2.83,27.14,29.2809,66.8046,3.9145,34.4025,49.6902,104.9404,106.8628,83587,9162,8067,7246,8169,7654,7466,7095,6541,5688,4688,3565,2886,2088,1358,974,940,ns,HH,ns,ns,HH,ns
8171,Maluku,Kota Ambon,Maluku,Kota,128.1953,-3.6863,2.18,18.11,23.2506,69.9043,6.8451,33.5955,43.0527,99.7726,104.8663,369797,32801,28072,25107,27428,27706,31781,34109,30639,26735,24567,21986,18387,15166,11132,7316,6865,ns,HH,ns,LL,HH,ns
8172,Maluku,Kota Tual,Maluku,Kota,132.7808,-5.6153,2.28,24.82,24.4852,69.7806,5.7342,35.1714,43.3063,99.5756,101.9097,94992,9105,7761,6393,7832,8441,7910,8570,8489,7320,5955,4821,3894,3054,2220,1449,1778,ns,HH,ns,ns,HH,ns
8201,Maluku Utara,Halmahera Barat,Maluku,Kabupaten,127.5912,1.3516,2.14,30.3,23.3136,70.2135,6.4729,32.5419,42.4227,104.8463,108.439,140416,11428,11139,10169,11120,11779,10939,11025,11951,11067,10116,8639,6718,5237,3917,2750,2422,ns,ns,ns,ns,ns,ns
8202,Maluku Utara,Halmahera Tengah,Maluku,Kabupaten,128.1667,0.4443,2.67,29.34,28.0557,67.4029,4.5414,31.7062,48.3616,108.2453,118.0149,64429,5862,6209,6005,5920,4946,4665,5279,5538,4866,4183,3354,2723,1953,1360,880,686,ns,ns,ns,ns,ns,ns
8203,Maluku Utara,Kepulauan Sula,Maluku,Kabupaten,125.7764,-1.8597,2.39,32.13,26.3858,67.8054,5.8088,33.1043,47.481,103.9236,110.9977,111795,9953,9751,9794,9867,9956,8714,8659,9680,7826,6781,5852,4565,3903,2849,2055,1590,ns,HH,ns,LL,ns,ns
8204,Maluku Utara,Halmahera Selatan,Maluku,Kabupaten,127.7386,-1.5615,2.76,31.2,25.76,69.2323,5.0077,34.3488,44.4413,107.0953,113.7803,273020,27802,20750,21778,25046,26218,22873,21796,22892,19336,16425,14239,11232,8961,6414,4152,3106,ns,HH,ns,ns,ns,ns
8205,Maluku Utara,Halmahera Utara,Maluku,Kabupaten,127.8346,1.5436,2.33,20.73,26.6332,67.4987,5.8681,31.2416,48.1511,104.8354,111.3995,212742,18238,19076,19346,19810,17861,16098,16032,16473,15460,13665,11628,9226,7345,5515,4006,2963,ns,HH,ns,ns,ns,ns
8206,Maluku Utara,Halmahera Timur,Maluku,Kabupaten,128.3081,1.0308,2.58,21.03,26.9569,67.9944,5.0487,31.5443,47.0709,107.5129,107.7512,101451,9601,8997,8750,8722,8295,7171,7797,8739,8313,7086,5548,4237,3073,2261,1584,1277,ns,HH,ns,ns,ns,ns
8207,Maluku Utara,Pulau Morotai,Maluku,Kabupaten,128.4564,2.3162,2.85,25.51,30.5069,64.1811,5.312,31.2571,55.8092,106.2052,110.2732,82247,8047,9356,7688,7188,6614,5779,6144,7171,5951,4721,3848,2994,2377,1818,1419,1132,ns,ns,ns,ns,ns,ns
8208,Maluku Utara,Pulau Taliabu,Maluku,Kabupaten,124.7472,-1.8171,2.31,24.56,28.1271,67.092,4.7809,32.5719,49.049,105.2346,106.3052,63085,5559,6203,5982,6032,5545,4820,4830,5353,4721,3703,3086,2400,1835,1344,922,750,ns,HH,ns,ns,ns,ns
8271,Maluku Utara,Kota Ternate,Maluku,Kota,127.3411,0.8071,2.05,19.03,25.6193,69.1741,5.2066,31.8137,44.5628,102.2779,106.1404,219069,17024,20303,18797,17791,16928,15724,16982,20060,18056,15447,12619,9923,8009,5344,3391,2671,ns,HH,ns,ns,ns,ns
8272,Maluku Utara,Kota Tidore Kepulauan,Maluku,Kota,127.6964,0.4627,2.06,19.97,23.7214,70.1929,6.0857,32.0945,42.4645,103.5213,107.6189,123454,9553,10280,9452,9896,10130,9167,9495,10830,9894,8897,7442,5997,4908,3361,2299,1853,ns,HH,ns,ns,ns,ns
9101,Papua Barat,Fakfak,Papua,Kabupaten,132.8477,-3.1113,2.45,21.09,28.3139,67.1845,4.5016,32.4552,48.8439,103.3608,101.7164,92700,8388,9377,8482,8424,8518,7840,7031,6697,6606,5494,4793,3785,3092,2078,1272,823,HH,HH,ns,LL,HH,HH
9102,Papua Barat,Kaimana,Papua,Kabupaten,134.0612,-3.5761,2.78,31.23,26.3628,70.1449,3.4923,34.3166,42.5619,107.6557,110.2961,68923,7133,5620,5417,6608,6967,6246,5328,5111,4964,4326,3814,2930,2052,1241,700,466,HH,HH,ns,LL,ns,HH
9103,Papua Barat,Teluk Wondama,Papua,Kabupaten,134.4076,-2.9009,3.95,45.69,31.7037,64.531,3.7653,31.8528,54.9644,109.1856,104.9176,47619,6402,4718,3977,4722,4408,3880,3534,3346,3208,2697,2146,1540,1248,896,528,369,HH,HH,ns,LL,HH,HH
9104,Papua Barat,Teluk Bintuni,Papua,Kabupaten,133.4364,-2.1394,2.41,36.64,23.471,73.3285,3.2005,35.8899,36.3727,133.7568,135.1075,92923,7916,7223,6671,7477,7840,8235,8780,8495,8032,6920,5730,4057,2573,1476,847,651,HH,HH,ns,LL,HH,ns
9105,Papua Barat,Manokwari,Papua,Kabupaten,133.7996,-0.9357,2.25,20.61,26.195,69.2011,4.6038,34.5925,44.5063,107.2639,108.2725,211063,18803,18777,17708,17623,17139,19331,19062,17480,15492,13599,11109,8641,6582,4683,2926,2108,LH,HH,ns,LL,HH,HH
9111,Papua Barat,Manokwari Selatan,Papua,Kabupaten,134.0179,-1.5481,2.51,35.97,28.2185,67.8544,3.9271,35.1256,47.3743,105.3843,108.4814,40319,4238,3397,2883,2923,3617,4301,3770,3331,2591,2428,2161,1739,1312,850,456,322,HH,HH,HL,LL,HH,HH
9112,Papua Barat,Pegunungan Arfak,Papua,Kabupaten,133.6997,-1.2869,2.7,40.42,24.6211,69.6954,5.6835,33.0222,43.4814,103.8767,104.6262,42914,5146,2370,1696,2408,3270,4440,4105,4551,3557,3473,2901,2283,1443,728,317,226,HH,HH,LL,LL,HH,HH
9201,Papua Barat Daya,Raja Ampat,Papua,Kabupaten,130.8415,-0.2072,3.45,38.93,30.7122,65.4976,3.7901,32.677,52.6773,109.5256,109.0718,73137,9019,7468,5975,7047,6671,5717,5907,5604,5118,4284,3416,2320,1819,1429,823,520,HH,HH,ns,LL,HH,HH
9202,Papua Barat Daya,Sorong,Papua,Kabupaten,131.6229,-1.1064,2.39,25.75,30.8319,66.2067,2.9614,33.1461,51.0421,109.2124,110.3841,125222,11310,10394,9127,10042,10784,10414,10349,9804,9580,8466,7363,5952,4520,3126,2118,1873,HH,HH,HL,LL,HH,HH
9203,Papua Barat Daya,Sorong Selatan,Papua,Kabupaten,132.1959,-1.7316,3.16,37.0,25.6697,69.474,4.8563,37.8374,43.9387,106.761,111.7051,58288,6749,5138,4561,5406,5710,5522,4837,4405,3889,3282,2788,2124,1588,1157,658,474,HH,HH,LL,LL,HH,HH
9204,Papua Barat Daya,Maybrat,Papua,Kabupaten,132.5119,-1.3805,3.4,44.31,26.087,69.8752,4.0378,37.2504,43.1122,101.1209,102.7293,50059,6960,3313,2577,3730,4560,5478,4781,4122,3016,2919,2503,2157,1512,1123,717,591,HH,HH,LL,LL,HH,LH
9205,Papua Barat Daya,Tambrauw,Papua,Kabupaten,132.7624,-0.8008,3.89,44.48,21.4662,75.5721,2.9617,38.1367,32.324,106.3567,101.878,32755,4868,3115,2116,2440,2405,3050,2730,2672,2553,2152,1581,1172,931,496,282,192,HH,HH,ns,LL,HH,ns
9271,Papua Barat Daya,Kota Sorong,Papua,Kota,131.3206,-0.8652,2.11,18.19,23.5838,71.118,5.2982,35.0941,40.6114,109.0203,111.2387,306083,26664,23369,22153,23627,24835,26698,28550,27334,24799,21024,17288,13324,10201,7330,5056,3831,LH,HH,ns,LL,HH,ns
9403,Papua,Jayapura,Papua,Kabupaten,139.9888,-3.0099,2.72,27.85,35.327,60.199,4.474,29.0795,66.1157,107.1199,111.0919,176375,16250,23733,22325,15176,11125,13917,13195,13052,11525,9488,7910,5784,5004,3364,2423,2104,ns,HH,ns,LL,ns,HH
9408,Papua,Kepulauan Yapen,Papua,Kabupaten,136.2064,-1.7522,3.13,25.33,33.4459,61.2998,5.2543,28.8295,63.1328,106.4189,106.2937,121653,12864,13221,14603,11673,8574,9352,8607,8539,7687,6313,5649,4285,3894,2791,2002,1599,HH,HH,HH,LL,LL,HH
9409,Papua,Biak Numfor,Papua,Kabupaten,135.9924,-0.9895,3.01,24.05,32.1659,61.3213,6.5128,28.3454,63.0756,104.6554,109.7106,144454,14797,15682,15986,13627,10229,10904,10115,9698,9090,7408,6809,5470,5231,3840,2957,2611,HH,HH,HH,LL,ns,HH
9419,Papua,Sarmi,Papua,Kabupaten,139.0133,-2.4528,2.39,28.03,34.0578,61.2576,4.6846,28.6434,63.2451,113.0412,115.0514,43846,3525,5740,5668,3788,2730,3023,3131,3675,3117,2413,2103,1526,1353,922,594,538,HH,HH,ns,LL,ns,HH
9420,Papua,Keerom,Papua,Kabupaten,140.6918,-3.3537,2.47,27.2,34.3591,60.7181,4.9228,27.6089,64.6955,110.2001,109.4101,65450,5382,9132,7974,5271,3825,4557,4668,5020,4683,3734,3250,2485,2247,1499,912,811,HH,HH,ns,LL,LH,HH
9426,Papua,Waropen,Papua,Kabupaten,136.7547,-2.7543,3.19,29.4,37.7838,58.0322,4.184,26.4579,72.318,111.348,113.8431,36783,3568,5187,5143,3532,2196,2560,2427,2549,2352,1962,1566,1219,983,660,459,420,HH,HH,ns,LL,LH,HH
9427,Papua,Supiori,Papua,Kabupaten,135.5636,-0.7405,3.95,29.48,39.218,55.771,5.011,26.9824,79.3045,106.555,105.1534,25524,3213,3212,3585,2443,1597,1729,1687,1874,1596,1125,874,655,655,499,421,359,HH,HH,HH,LL,ns,HH
9428,Papua,Mamberamo Raya,Papua,Kabupaten,137.983,-2.4643,3.38,34.06,34.1771,62.2814,3.5415,31.565,60.5616,108.1399,108.2285,40887,4993,4470,4511,3489,3157,3270,3296,3183,2591,2310,1754,1299,1116,692,437,319,HH,HH,ns,LL,ns,HH
9471,Papua,Kota Jayapura,Papua,Kota,140.7995,-2.6639,2.19,21.44,27.914,67.2934,4.7926,32.3796,48.6029,111.7319,117.5691,431482,35387,44831,40226,30217,23794,33249,39704,42965,37039,28086,23959,17085,14261,8842,5998,5839,LH,HH,HH,LL,ns,HH
9501,Papua Selatan,Merauke,Papua,Kabupaten,140.194,-7.79,2.44,23.99,33.2084,60.75,6.0416,27.6257,64.6091,107.5461,111.7477,243628,20858,32564,27483,19853,15180,17238,17434,17452,17426,13620,12177,9151,8473,5947,4284,4488,HH,HH,HH,LL,ns,HH
9502,Papua Selatan,Boven Digoel,Papua,Kabupaten,140.3913,-6.0153,3.09,34.87,40.4341,56.8768,2.6892,26.7882,75.8187,112.0419,114.922,71509,7224,11232,10458,5866,4043,4827,4817,5469,4773,3708,3313,2211,1645,931,574,418,HH,HH,HH,LL,ns,HH
9503,Papua Selatan,Mappi,Papua,Kabupaten,139.3893,-6.4977,3.4,42.55,40.2937,56.27,3.4363,26.2599,77.7146,105.5745,108.1382,118820,13104,17489,17284,12140,8398,7685,7459,7660,6909,5869,4577,3405,2758,1834,1200,1049,HH,HH,HH,LL,ns,HH
9504,Papua Selatan,Asmat,Papua,Kabupaten,138.6578,-5.3724,3.72,38.75,45.0587,52.5972,2.3441,25.5286,90.124,106.4941,109.0148,123246,14186,25708,15639,10903,9008,7529,7285,7641,6445,5913,4298,3503,2299,1455,818,616,HH,HH,ns,LL,ns,HH
9601,Papua Tengah,Mimika,Papua,Kabupaten,136.8452,-4.5237,2.38,22.69,30.9438,65.9898,3.0664,30.1473,51.5386,118.0338,122.8575,335373,26772,38152,38853,26526,20164,23165,27274,30503,28049,23900,19846,13292,8593,4837,2864,2583,HH,HH,HL,LL,LH,HH
9602,Papua Tengah,Dogiyai,Papua,Kabupaten,135.6075,-4.047,3.13,37.15,28.0902,68.1589,3.751,33.2158,46.7161,107.3909,104.6176,129273,15106,8855,12352,8772,8189,9515,13280,11955,10575,9199,6348,6261,4017,2482,1356,1011,HH,HH,ns,LL,HH,HH
9603,Papua Tengah,Deiyai,Papua,Kabupaten,136.3952,-4.19,3.27,40.16,28.4553,68.1015,3.4432,33.5493,46.8396,110.86,117.9401,110187,12865,7333,11156,9681,9179,10048,9919,7821,7712,6082,5368,5731,3498,2348,873,573,HH,HH,ns,LL,ns,HH
9604,Papua Tengah,Nabire,Papua,Kabupaten,135.6192,-3.4005,2.51,28.66,32.731,62.8928,4.3762,28.5051,59.0007,108.7968,109.0125,178421,15058,22327,21014,15473,11561,13167,13016,13115,13247,11068,9581,6624,5362,3411,2350,2047,HH,HH,ns,LL,ns,HH
9605,Papua Tengah,Paniai,Papua,Kabupaten,136.4589,-3.7948,2.59,30.78,24.1075,72.7298,3.1627,38.564,37.4952,117.5995,121.5229,243966,26144,17336,15334,13812,18479,25236,27879,22489,20755,18067,13864,10792,6063,4040,1831,1845,HH,HH,ns,LL,ns,HH
9606,Papua Tengah,Intan Jaya,Papua,Kabupaten,136.8118,-3.5115,2.76,40.73,21.668,73.3579,4.9741,33.9714,36.318,108.6497,110.587,147845,16228,6879,8928,9490,11604,13435,12394,12792,13229,11624,10727,7847,5314,3500,1901,1953,HH,HH,ns,LL,ns,HH
9607,Papua Tengah,Puncak,Papua,Kabupaten,137.4999,-3.7072,2.75,39.62,21.6683,75.0515,3.2802,33.8425,33.2418,110.0293,107.6407,126152,13536,5314,8485,9612,9922,11591,11593,9587,10618,10884,10293,6399,4180,2326,1111,701,HH,HH,LL,LL,HH,HH
9608,Papua Tengah,Puncak Jaya,Papua,Kabupaten,137.9061,-3.44,2.42,35.51,17.1351,77.5439,5.321,32.8223,28.9593,113.7628,114.784,239596,21939,8485,10631,15478,19961,17722,18799,22159,25177,21414,19167,14509,11406,6034,3450,3265,HH,HH,LL,LL,HH,HH
9701,Papua Pegunungan,Nduga,Papua,Kabupaten,138.3243,-4.4127,2.48,49.63,21.1109,76.9755,1.9136,34.0543,29.9115,116.6707,110.2998,116376,10897,5140,8531,9444,9351,9442,10580,10258,11361,11348,9036,5834,2927,1736,364,127,HH,HH,ns,LL,ns,HH
9702,Papua Pegunungan,Jayawijaya,Papua,Kabupaten,138.8664,-4.0933,2.39,28.36,24.8823,69.155,5.9626,33.8771,44.6026,106.9964,118.0177,286601,25062,21496,24755,20958,23791,27480,24292,21529,18470,17949,16985,14580,12165,8845,4729,3515,HH,HH,LL,LL,HH,HH
9703,Papua Pegunungan,Lanny Jaya,Papua,Kabupaten,138.3827,-3.9629,2.69,36.87,21.3842,74.652,3.9638,34.3734,33.955,115.1468,115.2779,213985,21760,12764,11235,12071,16479,24273,18714,14088,15226,20780,16652,13731,7730,4702,2274,1506,ns,HH,LL,LL,HH,HH
9704,Papua Pegunungan,Tolikara,Papua,Kabupaten,138.4735,-3.4545,2.74,38.4,18.67,71.6459,9.6841,32.5183,39.5753,115.6206,128.1049,250038,22621,12918,11143,12406,15273,19318,22176,24541,22408,18907,15373,15304,13436,12229,7366,4619,ns,HH,LL,HL,HH,HH
9705,Papua Pegunungan,Mamberamo Tengah,Papua,Kabupaten,139.0202,-3.5865,2.43,32.16,29.001,69.2178,1.7812,33.2389,44.4716,110.1419,101.2976,55074,5085,5146,5741,4353,4988,4653,4089,4576,3979,4222,3075,2594,1592,653,206,122,ns,HH,LL,ns,HH,HH
9706,Papua Pegunungan,Yalimo,Papua,Kabupaten,139.4653,-3.8294,2.77,32.36,25.5677,71.0122,3.4201,33.2429,40.8209,111.226,111.8869,111371,11159,6323,10993,9002,8447,9029,10034,9513,8476,7329,6840,6872,3545,2460,882,467,ns,HH,ns,LL,HH,HH
9707,Papua Pegunungan,Yahukimo,Papua,Kabupaten,139.5645,-4.4732,2.55,41.93,18.3317,76.9083,4.76,40.032,30.025,116.1629,124.1911,382349,40232,15548,14311,19659,32601,40758,42835,36868,28522,29384,25403,21146,16882,9570,5509,3121,HH,HH,LL,LL,HH,HH
9708,Papua Pegunungan,Pegunungan Bintang,Papua,Kabupaten,140.5346,-4.5413,3.07,43.56,30.2428,67.8227,1.9345,32.2726,47.4433,115.2988,116.4666,86070,9046,7808,9176,7586,6904,6914,6871,7088,6443,5955,4736,3538,2340,1188,306,171,HH,HH,HH,LL,ns,HH
